team,player,player_url,league,season
Youngstown Phantoms,Ryan Ward,https://www.hockeydb.com/ihdb/stats/pdisplay.php?pid=189721,USHL,2025-26
Youngstown Phantoms,Brandon Gotkin,https://www.hockeydb.com/ihdb/stats/pdisplay.php?pid=178021,USHL,2025-26
Youngstown Phantoms,Cooper Simpson,https://www.hockeydb.com/ihdb/stats/pdisplay.php?pid=269686,USHL,2025-26
Youngstown Phantoms,Ryan Rucinski,https://www.hockeydb.com/ihdb/stats/pdisplay.php?pid=269684,USHL,2025-26
Youngstown Phantoms,Evan Jardine,https://www.hockeydb.com/ihdb/stats/pdisplay.php?pid=272563,USHL,2025-26
Youngstown Phantoms,Jack Hextall,https://www.hockeydb.com/ihdb/stats/pdisplay.php?pid=287476,USHL,2025-26
Youngstown Phantoms,Malachi McKinnon,https://www.hockeydb.com/ihdb/stats/pdisplay.php?pid=272663,USHL,2025-26
Youngstown Phantoms,Jack Willson,https://www.hockeydb.com/ihdb/stats/pdisplay.php?pid=251354,USHL,2025-26
Youngstown Phantoms,Carter Murphy,https://www.hockeydb.com/ihdb/stats/pdisplay.php?pid=272990,USHL,2025-26
Youngstown Phantoms,Jakub Hes,https://www.hockeydb.com/ihdb/stats/pdisplay.php?pid=288007,USHL,2025-26
Youngstown Phantoms,Kazumo Sasaki,https://www.hockeydb.com/ihdb/stats/pdisplay.php?pid=260609,USHL,2025-26
Youngstown Phantoms,Logan Anderson,https://www.hockeydb.com/ihdb/stats/pdisplay.php?pid=296527,USHL,2025-26
Youngstown Phantoms,Cal Huston,https://www.hockeydb.com/ihdb/stats/pdisplay.php?pid=270884,USHL,2025-26
Youngstown Phantoms,Matous Kucharcik,https://www.hockeydb.com/ihdb/stats/pdisplay.php?pid=292425,USHL,2025-26
Youngstown Phantoms,Richard Zemlicka,https://www.hockeydb.com/ihdb/stats/pdisplay.php?pid=292431,USHL,2025-26
Youngstown Phantoms,Matej Teply,https://www.hockeydb.com/ihdb/stats/pdisplay.php?pid=264767,USHL,2025-26
Youngstown Phantoms,Alexander Svitov,https://www.hockeydb.com/ihdb/stats/pdisplay.php?pid=297583,USHL,2025-26
Youngstown Phantoms,Brayden Thompson,https://www.hockeydb.com/ihdb/stats/pdisplay.php?pid=295442,USHL,2025-26
Youngstown Phantoms,Matvey Butkovskiy,https://www.hockeydb.com/ihdb/stats/pdisplay.php?pid=272697,USHL,2025-26
Youngstown Phantoms,Sean Miller,https://www.hockeydb.com/ihdb/stats/pdisplay.php?pid=295443,USHL,2025-26
Youngstown Phantoms,Jack Hamilton,https://www.hockeydb.com/ihdb/stats/pdisplay.php?pid=287472,USHL,2025-26
Youngstown Phantoms,Lenny Boos,https://www.hockeydb.com/ihdb/stats/pdisplay.php?pid=289011,USHL,2025-26
Youngstown Phantoms,Brody Berard,https://www.hockeydb.com/ihdb/stats/pdisplay.php?pid=296528,USHL,2025-26
Youngstown Phantoms,Jesse Orlowsky,https://www.hockeydb.com/ihdb/stats/pdisplay.php?pid=272819,USHL,2025-26
Youngstown Phantoms,Jayden Veney,https://www.hockeydb.com/ihdb/stats/pdisplay.php?pid=265512,USHL,2025-26
Youngstown Phantoms,Kyle O'Leary,https://www.hockeydb.com/ihdb/stats/pdisplay.php?pid=295453,USHL,2025-26
Youngstown Phantoms,Ryan Whiterabbit,https://www.hockeydb.com/ihdb/stats/pdisplay.php?pid=271015,USHL,2025-26
Youngstown Phantoms,Tobias Trejbal,https://www.hockeydb.com/ihdb/stats/pdisplay.php?pid=291545,USHL,2025-26
Youngstown Phantoms,Melker Morin,https://www.hockeydb.com/ihdb/stats/pdisplay.php?pid=264207,USHL,2025-26
Youngstown Phantoms,Owen Boucher,https://www.hockeydb.com/ihdb/stats/pdisplay.php?pid=273529,USHL,2025-26
Youngstown Phantoms,Connor Schubert,https://www.hockeydb.com/ihdb/stats/pdisplay.php?pid=297498,USHL,2025-26
Youngstown Phantoms,Vladimir Nikitin,https://www.hockeydb.com/ihdb/stats/pdisplay.php?pid=266560,USHL,2025-26
Youngstown Phantoms,Braden Guolla,https://www.hockeydb.com/ihdb/stats/pdisplay.php?pid=293887,USHL,2025-26
Youngstown Phantoms,Jackson Adams,https://www.hockeydb.com/ihdb/stats/pdisplay.php?pid=286457,USHL,2025-26
Youngstown Phantoms,Mitchell Mars,https://www.hockeydb.com/ihdb/stats/pdisplay.php?pid=297628,USHL,2025-26
Youngstown Phantoms,Ryan Franks,https://www.hockeydb.com/ihdb/stats/pdisplay.php?pid=270238,USHL,2025-26
Youngstown Phantoms,Owen Lepak,https://www.hockeydb.com/ihdb/stats/pdisplay.php?pid=271527,USHL,2025-26
Dubuque Fighting Saints,Evan Dixon,https://www.hockeydb.com/ihdb/stats/pdisplay.php?pid=164942,USHL,2025-26
Dubuque Fighting Saints,Jacob Semik,https://www.hockeydb.com/ihdb/stats/pdisplay.php?pid=196272,USHL,2025-26
Dubuque Fighting Saints,Sam Graham,https://www.hockeydb.com/ihdb/stats/pdisplay.php?pid=118977,USHL,2025-26
Dubuque Fighting Saints,Pete Samargia,https://www.hockeydb.com/ihdb/stats/pdisplay.php?pid=49697,USHL,2025-26
Dubuque Fighting Saints,Michael Barron,https://www.hockeydb.com/ihdb/stats/pdisplay.php?pid=264682,USHL,2025-26
Dubuque Fighting Saints,Teddy Merrill,https://www.hockeydb.com/ihdb/stats/pdisplay.php?pid=260230,USHL,2025-26
Dubuque Fighting Saints,Colin Frank,https://www.hockeydb.com/ihdb/stats/pdisplay.php?pid=266397,USHL,2025-26
Dubuque Fighting Saints,Melvin Ekman,https://www.hockeydb.com/ihdb/stats/pdisplay.php?pid=273414,USHL,2025-26
Dubuque Fighting Saints,Masun Fleece,https://www.hockeydb.com/ihdb/stats/pdisplay.php?pid=270592,USHL,2025-26
Dubuque Fighting Saints,Eetu Orpana,https://www.hockeydb.com/ihdb/stats/pdisplay.php?pid=292428,USHL,2025-26
Dubuque Fighting Saints,Charlie Arend,https://www.hockeydb.com/ihdb/stats/pdisplay.php?pid=266285,USHL,2025-26
Dubuque Fighting Saints,Caden Dabrowski,https://www.hockeydb.com/ihdb/stats/pdisplay.php?pid=295226,USHL,2025-26
Dubuque Fighting Saints,Dante Josefsson-Westling,https://www.hockeydb.com/ihdb/stats/pdisplay.php?pid=264205,USHL,2025-26
Dubuque Fighting Saints,Teo Besnier,https://www.hockeydb.com/ihdb/stats/pdisplay.php?pid=272311,USHL,2025-26
Dubuque Fighting Saints,Ludvig Lafton,https://www.hockeydb.com/ihdb/stats/pdisplay.php?pid=272899,USHL,2025-26
Dubuque Fighting Saints,Gavin Lock,https://www.hockeydb.com/ihdb/stats/pdisplay.php?pid=272248,USHL,2025-26
Dubuque Fighting Saints,Xavier Lieb,https://www.hockeydb.com/ihdb/stats/pdisplay.php?pid=290473,USHL,2025-26
Dubuque Fighting Saints,Hayden Russell,https://www.hockeydb.com/ihdb/stats/pdisplay.php?pid=287980,USHL,2025-26
Dubuque Fighting Saints,Kristopher Richards,https://www.hockeydb.com/ihdb/stats/pdisplay.php?pid=295241,USHL,2025-26
Dubuque Fighting Saints,Cooper Conway,https://www.hockeydb.com/ihdb/stats/pdisplay.php?pid=261747,USHL,2025-26
Dubuque Fighting Saints,Lincoln Krizizke,https://www.hockeydb.com/ihdb/stats/pdisplay.php?pid=290806,USHL,2025-26
Dubuque Fighting Saints,Brandt Dubey,https://www.hockeydb.com/ihdb/stats/pdisplay.php?pid=264519,USHL,2025-26
Dubuque Fighting Saints,Luke Brierley,https://www.hockeydb.com/ihdb/stats/pdisplay.php?pid=287939,USHL,2025-26
Dubuque Fighting Saints,Hudson Lohse,https://www.hockeydb.com/ihdb/stats/pdisplay.php?pid=295235,USHL,2025-26
Dubuque Fighting Saints,Kane Johnson,https://www.hockeydb.com/ihdb/stats/pdisplay.php?pid=289917,USHL,2025-26
Dubuque Fighting Saints,"James ""Garrett"" Russell",https://www.hockeydb.com/ihdb/stats/pdisplay.php?pid=288239,USHL,2025-26
Dubuque Fighting Saints,Nils Sunde,https://www.hockeydb.com/ihdb/stats/pdisplay.php?pid=299163,USHL,2025-26
Dubuque Fighting Saints,Joseph Covelluzzi,https://www.hockeydb.com/ihdb/stats/pdisplay.php?pid=297882,USHL,2025-26
Dubuque Fighting Saints,Trevor Theuer,https://www.hockeydb.com/ihdb/stats/pdisplay.php?pid=290072,USHL,2025-26
Dubuque Fighting Saints,Owen Crudale,https://www.hockeydb.com/ihdb/stats/pdisplay.php?pid=269833,USHL,2025-26
Dubuque Fighting Saints,Vojtech Hambalek,https://www.hockeydb.com/ihdb/stats/pdisplay.php?pid=295230,USHL,2025-26
Dubuque Fighting Saints,Jachym Prusek,https://www.hockeydb.com/ihdb/stats/pdisplay.php?pid=295240,USHL,2025-26
Dubuque Fighting Saints,Mark Evans,https://www.hockeydb.com/ihdb/stats/pdisplay.php?pid=295483,USHL,2025-26
Dubuque Fighting Saints,Jack Larkin,https://www.hockeydb.com/ihdb/stats/pdisplay.php?pid=299482,USHL,2025-26
Dubuque Fighting Saints,Louis Vittorio,https://www.hockeydb.com/ihdb/stats/pdisplay.php?pid=294787,USHL,2025-26
Dubuque Fighting Saints,Jack O'Brien,https://www.hockeydb.com/ihdb/stats/pdisplay.php?pid=287932,USHL,2025-26
Dubuque Fighting Saints,Michael Chambre,https://www.hockeydb.com/ihdb/stats/pdisplay.php?pid=248118,USHL,2025-26
Green Bay Gamblers,Patrick McCadden,https://www.hockeydb.com/ihdb/stats/pdisplay.php?pid=116538,USHL,2025-26
Green Bay Gamblers,Shawn Sramek,https://www.hockeydb.com/ihdb/stats/pdisplay.php?pid=158205,USHL,2025-26
Green Bay Gamblers,Bryce Reddick,https://www.hockeydb.com/ihdb/stats/pdisplay.php?pid=102372,USHL,2025-26
Green Bay Gamblers,Zach Wooten,https://www.hockeydb.com/ihdb/stats/pdisplay.php?pid=274002,USHL,2025-26
Green Bay Gamblers,Gavin Katz,https://www.hockeydb.com/ihdb/stats/pdisplay.php?pid=295232,USHL,2025-26
Green Bay Gamblers,Geno Carcone,https://www.hockeydb.com/ihdb/stats/pdisplay.php?pid=264444,USHL,2025-26
Green Bay Gamblers,Elliott Gulley,https://www.hockeydb.com/ihdb/stats/pdisplay.php?pid=266294,USHL,2025-26
Green Bay Gamblers,Andrew O'Sullivan,https://www.hockeydb.com/ihdb/stats/pdisplay.php?pid=274096,USHL,2025-26
Green Bay Gamblers,Landon Hafele,https://www.hockeydb.com/ihdb/stats/pdisplay.php?pid=271170,USHL,2025-26
Green Bay Gamblers,David Rozsival,https://www.hockeydb.com/ihdb/stats/pdisplay.php?pid=291529,USHL,2025-26
Green Bay Gamblers,Nick Knutson,https://www.hockeydb.com/ihdb/stats/pdisplay.php?pid=288010,USHL,2025-26
Green Bay Gamblers,William Samuelsson,https://www.hockeydb.com/ihdb/stats/pdisplay.php?pid=248903,USHL,2025-26
Green Bay Gamblers,Cruz Martin,https://www.hockeydb.com/ihdb/stats/pdisplay.php?pid=287674,USHL,2025-26
Green Bay Gamblers,Gunnar Conboy,https://www.hockeydb.com/ihdb/stats/pdisplay.php?pid=297881,USHL,2025-26
Green Bay Gamblers,Ethan Drabicki,https://www.hockeydb.com/ihdb/stats/pdisplay.php?pid=273054,USHL,2025-26
Green Bay Gamblers,Owen Buesgens,https://www.hockeydb.com/ihdb/stats/pdisplay.php?pid=269661,USHL,2025-26
Green Bay Gamblers,Oliver McKinney,https://www.hockeydb.com/ihdb/stats/pdisplay.php?pid=295236,USHL,2025-26
Green Bay Gamblers,Nate Bienstock,https://www.hockeydb.com/ihdb/stats/pdisplay.php?pid=290357,USHL,2025-26
Green Bay Gamblers,Adam Timm,https://www.hockeydb.com/ihdb/stats/pdisplay.php?pid=263804,USHL,2025-26
Green Bay Gamblers,Maceo Phillips,https://www.hockeydb.com/ihdb/stats/pdisplay.php?pid=271181,USHL,2025-26
Green Bay Gamblers,Brady O'Malley,https://www.hockeydb.com/ihdb/stats/pdisplay.php?pid=266350,USHL,2025-26
Green Bay Gamblers,Sam Harris,https://www.hockeydb.com/ihdb/stats/pdisplay.php?pid=287672,USHL,2025-26
Green Bay Gamblers,Jack Kultgen,https://www.hockeydb.com/ihdb/stats/pdisplay.php?pid=289574,USHL,2025-26
Green Bay Gamblers,Nikita Fedotov,https://www.hockeydb.com/ihdb/stats/pdisplay.php?pid=289294,USHL,2025-26
Green Bay Gamblers,Cody Sokol,https://www.hockeydb.com/ihdb/stats/pdisplay.php?pid=288021,USHL,2025-26
Green Bay Gamblers,Frantisek Netusil,https://www.hockeydb.com/ihdb/stats/pdisplay.php?pid=286950,USHL,2025-26
Green Bay Gamblers,Chase Jette,https://www.hockeydb.com/ihdb/stats/pdisplay.php?pid=271744,USHL,2025-26
Green Bay Gamblers,Morgan Brady,https://www.hockeydb.com/ihdb/stats/pdisplay.php?pid=251164,USHL,2025-26
Green Bay Gamblers,Leo Henriquez,https://www.hockeydb.com/ihdb/stats/pdisplay.php?pid=288317,USHL,2025-26
Green Bay Gamblers,Ethan Sturgis,https://www.hockeydb.com/ihdb/stats/pdisplay.php?pid=300874,USHL,2025-26
Green Bay Gamblers,Joey Slavick,https://www.hockeydb.com/ihdb/stats/pdisplay.php?pid=271186,USHL,2025-26
Green Bay Gamblers,Rylan Bydal,https://www.hockeydb.com/ihdb/stats/pdisplay.php?pid=295474,USHL,2025-26
Green Bay Gamblers,Sutton Verot,https://www.hockeydb.com/ihdb/stats/pdisplay.php?pid=274026,USHL,2025-26
Green Bay Gamblers,Cole Mazzoni,https://www.hockeydb.com/ihdb/stats/pdisplay.php?pid=297481,USHL,2025-26
Green Bay Gamblers,Chase Trompeter,https://www.hockeydb.com/ihdb/stats/pdisplay.php?pid=291440,USHL,2025-26
Green Bay Gamblers,Luke Pietila,https://www.hockeydb.com/ihdb/stats/pdisplay.php?pid=296530,USHL,2025-26
Green Bay Gamblers,Norman Greene,https://www.hockeydb.com/ihdb/stats/pdisplay.php?pid=297618,USHL,2025-26
Cedar Rapids RoughRiders,Mark Carlson,https://www.hockeydb.com/ihdb/stats/pdisplay.php?pid=17444,USHL,2025-26
Cedar Rapids RoughRiders,Nicky Romeo,https://www.hockeydb.com/ihdb/stats/pdisplay.php?pid=264243,USHL,2025-26
Cedar Rapids RoughRiders,Jason Musa,https://www.hockeydb.com/ihdb/stats/pdisplay.php?pid=287996,USHL,2025-26
Cedar Rapids RoughRiders,Connor Davis,https://www.hockeydb.com/ihdb/stats/pdisplay.php?pid=292271,USHL,2025-26
Cedar Rapids RoughRiders,Justin Graf,https://www.hockeydb.com/ihdb/stats/pdisplay.php?pid=295448,USHL,2025-26
Cedar Rapids RoughRiders,Henry Lechner,https://www.hockeydb.com/ihdb/stats/pdisplay.php?pid=273761,USHL,2025-26
Cedar Rapids RoughRiders,"Luken ""Hawke"" Huff",https://www.hockeydb.com/ihdb/stats/pdisplay.php?pid=273777,USHL,2025-26
Cedar Rapids RoughRiders,Braiden Scuderi,https://www.hockeydb.com/ihdb/stats/pdisplay.php?pid=295457,USHL,2025-26
Cedar Rapids RoughRiders,David Bosco,https://www.hockeydb.com/ihdb/stats/pdisplay.php?pid=292388,USHL,2025-26
Cedar Rapids RoughRiders,Ruben Westerling,https://www.hockeydb.com/ihdb/stats/pdisplay.php?pid=286554,USHL,2025-26
Cedar Rapids RoughRiders,Grant Young,https://www.hockeydb.com/ihdb/stats/pdisplay.php?pid=266427,USHL,2025-26
Cedar Rapids RoughRiders,Sullivan Miller,https://www.hockeydb.com/ihdb/stats/pdisplay.php?pid=270926,USHL,2025-26
Cedar Rapids RoughRiders,Jackson Fox,https://www.hockeydb.com/ihdb/stats/pdisplay.php?pid=290634,USHL,2025-26
Cedar Rapids RoughRiders,Karson Young,https://www.hockeydb.com/ihdb/stats/pdisplay.php?pid=286981,USHL,2025-26
Cedar Rapids RoughRiders,Mason Minor,https://www.hockeydb.com/ihdb/stats/pdisplay.php?pid=292376,USHL,2025-26
Cedar Rapids RoughRiders,Thomas Corneillie,https://www.hockeydb.com/ihdb/stats/pdisplay.php?pid=286896,USHL,2025-26
Cedar Rapids RoughRiders,Charlie Emmons,https://www.hockeydb.com/ihdb/stats/pdisplay.php?pid=270857,USHL,2025-26
Cedar Rapids RoughRiders,Lucas Siomos,https://www.hockeydb.com/ihdb/stats/pdisplay.php?pid=295830,USHL,2025-26
Cedar Rapids RoughRiders,Nathan Chorlton,https://www.hockeydb.com/ihdb/stats/pdisplay.php?pid=292366,USHL,2025-26
Cedar Rapids RoughRiders,Cooper Simon,https://www.hockeydb.com/ihdb/stats/pdisplay.php?pid=290399,USHL,2025-26
Cedar Rapids RoughRiders,Ethan Piercy,https://www.hockeydb.com/ihdb/stats/pdisplay.php?pid=297490,USHL,2025-26
Cedar Rapids RoughRiders,Joseph Fenton,https://www.hockeydb.com/ihdb/stats/pdisplay.php?pid=288002,USHL,2025-26
Cedar Rapids RoughRiders,Carter Ernst,https://www.hockeydb.com/ihdb/stats/pdisplay.php?pid=295447,USHL,2025-26
Cedar Rapids RoughRiders,Joseph Mense,https://www.hockeydb.com/ihdb/stats/pdisplay.php?pid=262098,USHL,2025-26
Cedar Rapids RoughRiders,Noel Ohgren,https://www.hockeydb.com/ihdb/stats/pdisplay.php?pid=269012,USHL,2025-26
Cedar Rapids RoughRiders,J.D. Frick,https://www.hockeydb.com/ihdb/stats/pdisplay.php?pid=294726,USHL,2025-26
Cedar Rapids RoughRiders,Dain Gordon,https://www.hockeydb.com/ihdb/stats/pdisplay.php?pid=297045,USHL,2025-26
Cedar Rapids RoughRiders,Ryan Cameron,https://www.hockeydb.com/ihdb/stats/pdisplay.php?pid=289554,USHL,2025-26
Cedar Rapids RoughRiders,Kyle Rohrer,https://www.hockeydb.com/ihdb/stats/pdisplay.php?pid=264078,USHL,2025-26
Cedar Rapids RoughRiders,Dennis Emesibe,https://www.hockeydb.com/ihdb/stats/pdisplay.php?pid=296609,USHL,2025-26
Cedar Rapids RoughRiders,Devin Rustlie,https://www.hockeydb.com/ihdb/stats/pdisplay.php?pid=288736,USHL,2025-26
Cedar Rapids RoughRiders,Cade Sherman,https://www.hockeydb.com/ihdb/stats/pdisplay.php?pid=297286,USHL,2025-26
Cedar Rapids RoughRiders,Rocco Olek,https://www.hockeydb.com/ihdb/stats/pdisplay.php?pid=298349,USHL,2025-26
Cedar Rapids RoughRiders,Tyler Potter,https://www.hockeydb.com/ihdb/stats/pdisplay.php?pid=298630,USHL,2025-26
Cedar Rapids RoughRiders,Tate Batchelor,https://www.hockeydb.com/ihdb/stats/pdisplay.php?pid=301034,USHL,2025-26
Cedar Rapids RoughRiders,Hayden Reierson,https://www.hockeydb.com/ihdb/stats/pdisplay.php?pid=301026,USHL,2025-26
Cedar Rapids RoughRiders,Trevor O'Donohue,https://www.hockeydb.com/ihdb/stats/pdisplay.php?pid=292179,USHL,2025-26
Cedar Rapids RoughRiders,Joseph Skidmore,https://www.hockeydb.com/ihdb/stats/pdisplay.php?pid=297285,USHL,2025-26
Muskegon Lumberjacks,Colten St. Clair,https://www.hockeydb.com/ihdb/stats/pdisplay.php?pid=116579,USHL,2025-26
Muskegon Lumberjacks,Taylor Ward,https://www.hockeydb.com/ihdb/stats/pdisplay.php?pid=127508,USHL,2025-26
Muskegon Lumberjacks,Casey Mignone,https://www.hockeydb.com/ihdb/stats/pdisplay.php?pid=132713,USHL,2025-26
Muskegon Lumberjacks,Patrick Maroon,https://www.hockeydb.com/ihdb/stats/pdisplay.php?pid=105400,USHL,2025-26
Muskegon Lumberjacks,Dawson Savchenko,https://www.hockeydb.com/ihdb/stats/pdisplay.php?pid=298710,USHL,2025-26
Muskegon Lumberjacks,Drew Stewart,https://www.hockeydb.com/ihdb/stats/pdisplay.php?pid=266390,USHL,2025-26
Muskegon Lumberjacks,Melvin Novotny,https://www.hockeydb.com/ihdb/stats/pdisplay.php?pid=271732,USHL,2025-26
Muskegon Lumberjacks,Viktor Norringer,https://www.hockeydb.com/ihdb/stats/pdisplay.php?pid=272540,USHL,2025-26
Muskegon Lumberjacks,Niles Benson,https://www.hockeydb.com/ihdb/stats/pdisplay.php?pid=271687,USHL,2025-26
Muskegon Lumberjacks,Carter Sanderson,https://www.hockeydb.com/ihdb/stats/pdisplay.php?pid=288196,USHL,2025-26
Muskegon Lumberjacks,Charles Blanchard,https://www.hockeydb.com/ihdb/stats/pdisplay.php?pid=288190,USHL,2025-26
Muskegon Lumberjacks,Jack Christ,https://www.hockeydb.com/ihdb/stats/pdisplay.php?pid=270838,USHL,2025-26
Muskegon Lumberjacks,Rudolfs Berzkalns,https://www.hockeydb.com/ihdb/stats/pdisplay.php?pid=288026,USHL,2025-26
Muskegon Lumberjacks,Adam Belusko,https://www.hockeydb.com/ihdb/stats/pdisplay.php?pid=273361,USHL,2025-26
Muskegon Lumberjacks,Danny Klaers,https://www.hockeydb.com/ihdb/stats/pdisplay.php?pid=274001,USHL,2025-26
Muskegon Lumberjacks,Ty Bergeron,https://www.hockeydb.com/ihdb/stats/pdisplay.php?pid=295221,USHL,2025-26
Muskegon Lumberjacks,Anthony Thomas-Maroon,https://www.hockeydb.com/ihdb/stats/pdisplay.php?pid=295247,USHL,2025-26
Muskegon Lumberjacks,Tynan Lawrence,https://www.hockeydb.com/ihdb/stats/pdisplay.php?pid=288029,USHL,2025-26
Muskegon Lumberjacks,Jake Stuart,https://www.hockeydb.com/ihdb/stats/pdisplay.php?pid=272308,USHL,2025-26
Muskegon Lumberjacks,Branko Vukas,https://www.hockeydb.com/ihdb/stats/pdisplay.php?pid=266288,USHL,2025-26
Muskegon Lumberjacks,Louis Jonerheim,https://www.hockeydb.com/ihdb/stats/pdisplay.php?pid=264403,USHL,2025-26
Muskegon Lumberjacks,Carter Amico,https://www.hockeydb.com/ihdb/stats/pdisplay.php?pid=271164,USHL,2025-26
Muskegon Lumberjacks,Nate Larioza,https://www.hockeydb.com/ihdb/stats/pdisplay.php?pid=273298,USHL,2025-26
Muskegon Lumberjacks,Barrett Dexheimer,https://www.hockeydb.com/ihdb/stats/pdisplay.php?pid=288028,USHL,2025-26
Muskegon Lumberjacks,Gustas Zemaitis,https://www.hockeydb.com/ihdb/stats/pdisplay.php?pid=273573,USHL,2025-26
Muskegon Lumberjacks,Jean-Samuel Daigneault,https://www.hockeydb.com/ihdb/stats/pdisplay.php?pid=295227,USHL,2025-26
Muskegon Lumberjacks,Lars Hutson,https://www.hockeydb.com/ihdb/stats/pdisplay.php?pid=291126,USHL,2025-26
Muskegon Lumberjacks,Nick Koering,https://www.hockeydb.com/ihdb/stats/pdisplay.php?pid=288193,USHL,2025-26
Muskegon Lumberjacks,Will Schlechtweg,https://www.hockeydb.com/ihdb/stats/pdisplay.php?pid=298666,USHL,2025-26
Muskegon Lumberjacks,Reese Lantz,https://www.hockeydb.com/ihdb/stats/pdisplay.php?pid=287201,USHL,2025-26
Muskegon Lumberjacks,Nathaniel Celski,https://www.hockeydb.com/ihdb/stats/pdisplay.php?pid=295225,USHL,2025-26
Muskegon Lumberjacks,Peyton Schneider,https://www.hockeydb.com/ihdb/stats/pdisplay.php?pid=298156,USHL,2025-26
Muskegon Lumberjacks,Teddy Lechner,https://www.hockeydb.com/ihdb/stats/pdisplay.php?pid=297051,USHL,2025-26
Muskegon Lumberjacks,Brock Fairbanks,https://www.hockeydb.com/ihdb/stats/pdisplay.php?pid=294722,USHL,2025-26
Muskegon Lumberjacks,Gus Thorp,https://www.hockeydb.com/ihdb/stats/pdisplay.php?pid=288022,USHL,2025-26
Muskegon Lumberjacks,Jackson Walsh,https://www.hockeydb.com/ihdb/stats/pdisplay.php?pid=288399,USHL,2025-26
Muskegon Lumberjacks,Samuel Doyon-Cataquiz,https://www.hockeydb.com/ihdb/stats/pdisplay.php?pid=290162,USHL,2025-26
Muskegon Lumberjacks,Carl Axelsson,https://www.hockeydb.com/ihdb/stats/pdisplay.php?pid=264523,USHL,2025-26
Muskegon Lumberjacks,Max Cullen,https://www.hockeydb.com/ihdb/stats/pdisplay.php?pid=300852,USHL,2025-26
Muskegon Lumberjacks,William Keane,https://www.hockeydb.com/ihdb/stats/pdisplay.php?pid=295233,USHL,2025-26
Madison Capitols,Andy Brandt,https://www.hockeydb.com/ihdb/stats/pdisplay.php?pid=77466,USHL,2025-26
Madison Capitols,Tom Gilbert,https://www.hockeydb.com/ihdb/stats/pdisplay.php?pid=64499,USHL,2025-26
Madison Capitols,Dominic Zombo,https://www.hockeydb.com/ihdb/stats/pdisplay.php?pid=117558,USHL,2025-26
Madison Capitols,Shane Connelly,https://www.hockeydb.com/ihdb/stats/pdisplay.php?pid=73814,USHL,2025-26
Madison Capitols,Sam Kappell,https://www.hockeydb.com/ihdb/stats/pdisplay.php?pid=272126,USHL,2025-26
Madison Capitols,Gustavs Griva,https://www.hockeydb.com/ihdb/stats/pdisplay.php?pid=295685,USHL,2025-26
Madison Capitols,Max Rider,https://www.hockeydb.com/ihdb/stats/pdisplay.php?pid=288020,USHL,2025-26
Madison Capitols,Gavin Uhlenkamp,https://www.hockeydb.com/ihdb/stats/pdisplay.php?pid=270610,USHL,2025-26
Madison Capitols,Nolen Geerdes,https://www.hockeydb.com/ihdb/stats/pdisplay.php?pid=292370,USHL,2025-26
Madison Capitols,Caleb Pittsley,https://www.hockeydb.com/ihdb/stats/pdisplay.php?pid=295687,USHL,2025-26
Madison Capitols,Michael Tang,https://www.hockeydb.com/ihdb/stats/pdisplay.php?pid=295689,USHL,2025-26
Madison Capitols,Jet Kwajah,https://www.hockeydb.com/ihdb/stats/pdisplay.php?pid=273075,USHL,2025-26
Madison Capitols,Jackson Nevers,https://www.hockeydb.com/ihdb/stats/pdisplay.php?pid=266349,USHL,2025-26
Madison Capitols,Ronan Buckberger,https://www.hockeydb.com/ihdb/stats/pdisplay.php?pid=264277,USHL,2025-26
Madison Capitols,Stephen Cover,https://www.hockeydb.com/ihdb/stats/pdisplay.php?pid=295682,USHL,2025-26
Madison Capitols,Tyden Bergeson,https://www.hockeydb.com/ihdb/stats/pdisplay.php?pid=292364,USHL,2025-26
Madison Capitols,John Stout,https://www.hockeydb.com/ihdb/stats/pdisplay.php?pid=266424,USHL,2025-26
Madison Capitols,Will Dosan,https://www.hockeydb.com/ihdb/stats/pdisplay.php?pid=295684,USHL,2025-26
Madison Capitols,Rihards Griva,https://www.hockeydb.com/ihdb/stats/pdisplay.php?pid=295686,USHL,2025-26
Madison Capitols,Ville Vaarala,https://www.hockeydb.com/ihdb/stats/pdisplay.php?pid=295690,USHL,2025-26
Madison Capitols,Cooper Snee,https://www.hockeydb.com/ihdb/stats/pdisplay.php?pid=296178,USHL,2025-26
Madison Capitols,Harper Frey,https://www.hockeydb.com/ihdb/stats/pdisplay.php?pid=270593,USHL,2025-26
Madison Capitols,Chris Baird-Gajdos,https://www.hockeydb.com/ihdb/stats/pdisplay.php?pid=289679,USHL,2025-26
Madison Capitols,Dexter Brooks,https://www.hockeydb.com/ihdb/stats/pdisplay.php?pid=289812,USHL,2025-26
Madison Capitols,Lucas Prud'Homme,https://www.hockeydb.com/ihdb/stats/pdisplay.php?pid=265912,USHL,2025-26
Madison Capitols,Austin Moline,https://www.hockeydb.com/ihdb/stats/pdisplay.php?pid=273296,USHL,2025-26
Madison Capitols,Eero Butella,https://www.hockeydb.com/ihdb/stats/pdisplay.php?pid=264734,USHL,2025-26
Madison Capitols,Sammy Smith,https://www.hockeydb.com/ihdb/stats/pdisplay.php?pid=287178,USHL,2025-26
Madison Capitols,Brady Smith,https://www.hockeydb.com/ihdb/stats/pdisplay.php?pid=301022,USHL,2025-26
Madison Capitols,Bode McConnell,https://www.hockeydb.com/ihdb/stats/pdisplay.php?pid=300833,USHL,2025-26
Madison Capitols,Caleb Heil,https://www.hockeydb.com/ihdb/stats/pdisplay.php?pid=264889,USHL,2025-26
Madison Capitols,Cody Butikis,https://www.hockeydb.com/ihdb/stats/pdisplay.php?pid=270778,USHL,2025-26
Madison Capitols,Aiden Mowrey,https://www.hockeydb.com/ihdb/stats/pdisplay.php?pid=298987,USHL,2025-26
Madison Capitols,Elliot Lennon,https://www.hockeydb.com/ihdb/stats/pdisplay.php?pid=298659,USHL,2025-26
Madison Capitols,Braeden Waller,https://www.hockeydb.com/ihdb/stats/pdisplay.php?pid=300878,USHL,2025-26
Madison Capitols,Colin Yandle,https://www.hockeydb.com/ihdb/stats/pdisplay.php?pid=300883,USHL,2025-26
Madison Capitols,Bryce Wiitala,https://www.hockeydb.com/ihdb/stats/pdisplay.php?pid=295582,USHL,2025-26
Madison Capitols,Grady Anaka,https://www.hockeydb.com/ihdb/stats/pdisplay.php?pid=299366,USHL,2025-26
Madison Capitols,Brady Krey,https://www.hockeydb.com/ihdb/stats/pdisplay.php?pid=296153,USHL,2025-26
Madison Capitols,Cameron Holyoke,https://www.hockeydb.com/ihdb/stats/pdisplay.php?pid=298988,USHL,2025-26
Madison Capitols,Cash Cruitt,https://www.hockeydb.com/ihdb/stats/pdisplay.php?pid=295683,USHL,2025-26
Chicago Steel,Scott Gomez,https://www.hockeydb.com/ihdb/stats/pdisplay.php?pid=31170,USHL,2025-26
Chicago Steel,Tyler Haskins,https://www.hockeydb.com/ihdb/stats/pdisplay.php?pid=67705,USHL,2025-26
Chicago Steel,Mike Mottau,https://www.hockeydb.com/ihdb/stats/pdisplay.php?pid=29303,USHL,2025-26
Chicago Steel,Jackson Crowder,https://www.hockeydb.com/ihdb/stats/pdisplay.php?pid=272100,USHL,2025-26
Chicago Steel,Timothy Kazda,https://www.hockeydb.com/ihdb/stats/pdisplay.php?pid=289695,USHL,2025-26
Chicago Steel,Brady Kudrick,https://www.hockeydb.com/ihdb/stats/pdisplay.php?pid=287955,USHL,2025-26
Chicago Steel,James Scantlebury,https://www.hockeydb.com/ihdb/stats/pdisplay.php?pid=295243,USHL,2025-26
Chicago Steel,Kolin Sisson,https://www.hockeydb.com/ihdb/stats/pdisplay.php?pid=269687,USHL,2025-26
Chicago Steel,Tobias Ohman,https://www.hockeydb.com/ihdb/stats/pdisplay.php?pid=250663,USHL,2025-26
Chicago Steel,Luke Goukler,https://www.hockeydb.com/ihdb/stats/pdisplay.php?pid=273294,USHL,2025-26
Chicago Steel,Ashton Schultz,https://www.hockeydb.com/ihdb/stats/pdisplay.php?pid=274000,USHL,2025-26
Chicago Steel,Marco Senerchia,https://www.hockeydb.com/ihdb/stats/pdisplay.php?pid=292183,USHL,2025-26
Chicago Steel,Adyn Merrick,https://www.hockeydb.com/ihdb/stats/pdisplay.php?pid=262978,USHL,2025-26
Chicago Steel,Cole Tuminaro,https://www.hockeydb.com/ihdb/stats/pdisplay.php?pid=271538,USHL,2025-26
Chicago Steel,Wyatt Herres,https://www.hockeydb.com/ihdb/stats/pdisplay.php?pid=288641,USHL,2025-26
Chicago Steel,Jason Millett,https://www.hockeydb.com/ihdb/stats/pdisplay.php?pid=295238,USHL,2025-26
Chicago Steel,Aidan Dyer,https://www.hockeydb.com/ihdb/stats/pdisplay.php?pid=266392,USHL,2025-26
Chicago Steel,Alex Calbeck,https://www.hockeydb.com/ihdb/stats/pdisplay.php?pid=273219,USHL,2025-26
Chicago Steel,Henry Major,https://www.hockeydb.com/ihdb/stats/pdisplay.php?pid=288014,USHL,2025-26
Chicago Steel,Dallas Vieau,https://www.hockeydb.com/ihdb/stats/pdisplay.php?pid=266420,USHL,2025-26
Chicago Steel,Ryland Rooney,https://www.hockeydb.com/ihdb/stats/pdisplay.php?pid=295456,USHL,2025-26
Chicago Steel,Benson Grande,https://www.hockeydb.com/ihdb/stats/pdisplay.php?pid=295449,USHL,2025-26
Chicago Steel,Jonas Kemps,https://www.hockeydb.com/ihdb/stats/pdisplay.php?pid=289267,USHL,2025-26
Chicago Steel,Patrick Tolan,https://www.hockeydb.com/ihdb/stats/pdisplay.php?pid=288308,USHL,2025-26
Chicago Steel,Trevor Shorter,https://www.hockeydb.com/ihdb/stats/pdisplay.php?pid=297983,USHL,2025-26
Chicago Steel,Miles Burgin,https://www.hockeydb.com/ihdb/stats/pdisplay.php?pid=265486,USHL,2025-26
Chicago Steel,Alex Assadourian,https://www.hockeydb.com/ihdb/stats/pdisplay.php?pid=248684,USHL,2025-26
Chicago Steel,Easton Pace,https://www.hockeydb.com/ihdb/stats/pdisplay.php?pid=271180,USHL,2025-26
Chicago Steel,Eero Hyytiainen,https://www.hockeydb.com/ihdb/stats/pdisplay.php?pid=295451,USHL,2025-26
Chicago Steel,Cole Bumgarner,https://www.hockeydb.com/ihdb/stats/pdisplay.php?pid=287999,USHL,2025-26
Chicago Steel,Carter Frankiw,https://www.hockeydb.com/ihdb/stats/pdisplay.php?pid=251640,USHL,2025-26
Chicago Steel,Jayden Kurtz,https://www.hockeydb.com/ihdb/stats/pdisplay.php?pid=297786,USHL,2025-26
Chicago Steel,Zachary Spagnuolo,https://www.hockeydb.com/ihdb/stats/pdisplay.php?pid=286971,USHL,2025-26
Chicago Steel,Cade Strom,https://www.hockeydb.com/ihdb/stats/pdisplay.php?pid=295458,USHL,2025-26
Chicago Steel,Camillo Milani,https://www.hockeydb.com/ihdb/stats/pdisplay.php?pid=298702,USHL,2025-26
Chicago Steel,Sam Caulfield,https://www.hockeydb.com/ihdb/stats/pdisplay.php?pid=286009,USHL,2025-26
Chicago Steel,Louis-Felix Charrois,https://www.hockeydb.com/ihdb/stats/pdisplay.php?pid=251100,USHL,2025-26
Chicago Steel,Connor Mackenzie,https://www.hockeydb.com/ihdb/stats/pdisplay.php?pid=296848,USHL,2025-26
Chicago Steel,Kage Flory,https://www.hockeydb.com/ihdb/stats/pdisplay.php?pid=299132,USHL,2025-26
Chicago Steel,Jackson Mahley,https://www.hockeydb.com/ihdb/stats/pdisplay.php?pid=299388,USHL,2025-26
Chicago Steel,Alex Wang,https://www.hockeydb.com/ihdb/stats/pdisplay.php?pid=301016,USHL,2025-26
Chicago Steel,Vladislav Bryzgalov,https://www.hockeydb.com/ihdb/stats/pdisplay.php?pid=270201,USHL,2025-26
Chicago Steel,Karter Lundmark,https://www.hockeydb.com/ihdb/stats/pdisplay.php?pid=298302,USHL,2025-26
Chicago Steel,Luca Cannata,https://www.hockeydb.com/ihdb/stats/pdisplay.php?pid=300154,USHL,2025-26
Chicago Steel,Reese Tracy,https://www.hockeydb.com/ihdb/stats/pdisplay.php?pid=298021,USHL,2025-26
Chicago Steel,Joseph Erickson,https://www.hockeydb.com/ihdb/stats/pdisplay.php?pid=294681,USHL,2025-26
Chicago Steel,Veeti Louhivaara,https://www.hockeydb.com/ihdb/stats/pdisplay.php?pid=272462,USHL,2025-26
U.S. National Development Team,Carter Meyer,https://www.hockeydb.com/ihdb/stats/pdisplay.php?pid=297053,USHL,2025-26
U.S. National Development Team,Nolan Fitzhenry,https://www.hockeydb.com/ihdb/stats/pdisplay.php?pid=297043,USHL,2025-26
U.S. National Development Team,Jamie Glance,https://www.hockeydb.com/ihdb/stats/pdisplay.php?pid=289265,USHL,2025-26
U.S. National Development Team,Brayden Willis,https://www.hockeydb.com/ihdb/stats/pdisplay.php?pid=297061,USHL,2025-26
U.S. National Development Team,Sammy Nelson,https://www.hockeydb.com/ihdb/stats/pdisplay.php?pid=289271,USHL,2025-26
U.S. National Development Team,Michael Berchild,https://www.hockeydb.com/ihdb/stats/pdisplay.php?pid=289258,USHL,2025-26
U.S. National Development Team,Finnegan Sears,https://www.hockeydb.com/ihdb/stats/pdisplay.php?pid=297058,USHL,2025-26
U.S. National Development Team,Victor Plante,https://www.hockeydb.com/ihdb/stats/pdisplay.php?pid=289272,USHL,2025-26
U.S. National Development Team,Dayne Beuker,https://www.hockeydb.com/ihdb/stats/pdisplay.php?pid=289259,USHL,2025-26
U.S. National Development Team,Casey Mutryn,https://www.hockeydb.com/ihdb/stats/pdisplay.php?pid=289270,USHL,2025-26
U.S. National Development Team,Wyatt Cullen,https://www.hockeydb.com/ihdb/stats/pdisplay.php?pid=289261,USHL,2025-26
U.S. National Development Team,A.J. Francisco,https://www.hockeydb.com/ihdb/stats/pdisplay.php?pid=289262,USHL,2025-26
U.S. National Development Team,Logan Stuart,https://www.hockeydb.com/ihdb/stats/pdisplay.php?pid=289274,USHL,2025-26
U.S. National Development Team,Parker Trottier,https://www.hockeydb.com/ihdb/stats/pdisplay.php?pid=289275,USHL,2025-26
U.S. National Development Team,Diego Gutierrez,https://www.hockeydb.com/ihdb/stats/pdisplay.php?pid=297046,USHL,2025-26
U.S. National Development Team,Rocco Pelosi,https://www.hockeydb.com/ihdb/stats/pdisplay.php?pid=297055,USHL,2025-26
U.S. National Development Team,Freddie Schneider,https://www.hockeydb.com/ihdb/stats/pdisplay.php?pid=297056,USHL,2025-26
U.S. National Development Team,Christian Semetsis,https://www.hockeydb.com/ihdb/stats/pdisplay.php?pid=297059,USHL,2025-26
U.S. National Development Team,Lukas Zajic,https://www.hockeydb.com/ihdb/stats/pdisplay.php?pid=289277,USHL,2025-26
U.S. National Development Team,Kane Barch,https://www.hockeydb.com/ihdb/stats/pdisplay.php?pid=297040,USHL,2025-26
U.S. National Development Team,Broden McArthur,https://www.hockeydb.com/ihdb/stats/pdisplay.php?pid=297052,USHL,2025-26
U.S. National Development Team,Luke Schairer,https://www.hockeydb.com/ihdb/stats/pdisplay.php?pid=289273,USHL,2025-26
U.S. National Development Team,Alexander Milojevic,https://www.hockeydb.com/ihdb/stats/pdisplay.php?pid=297054,USHL,2025-26
U.S. National Development Team,Hudson Salvador,https://www.hockeydb.com/ihdb/stats/pdisplay.php?pid=297287,USHL,2025-26
U.S. National Development Team,Braden Horton,https://www.hockeydb.com/ihdb/stats/pdisplay.php?pid=297047,USHL,2025-26
U.S. National Development Team,Easton Johnson,https://www.hockeydb.com/ihdb/stats/pdisplay.php?pid=297623,USHL,2025-26
U.S. National Development Team,Cannon Thibodeau,https://www.hockeydb.com/ihdb/stats/pdisplay.php?pid=297060,USHL,2025-26
U.S. National Development Team,Aurelio Garcia,https://www.hockeydb.com/ihdb/stats/pdisplay.php?pid=289263,USHL,2025-26
U.S. National Development Team,Logan Lutner,https://www.hockeydb.com/ihdb/stats/pdisplay.php?pid=289578,USHL,2025-26
U.S. National Development Team,Benjamin Geiger,https://www.hockeydb.com/ihdb/stats/pdisplay.php?pid=297044,USHL,2025-26
U.S. National Development Team,Carson Scott,https://www.hockeydb.com/ihdb/stats/pdisplay.php?pid=297057,USHL,2025-26
U.S. National Development Team,Sam Pandolfo,https://www.hockeydb.com/ihdb/stats/pdisplay.php?pid=297633,USHL,2025-26
U.S. National Development Team,Jackson Marthaler,https://www.hockeydb.com/ihdb/stats/pdisplay.php?pid=289268,USHL,2025-26
U.S. National Development Team,Abe Barnett,https://www.hockeydb.com/ihdb/stats/pdisplay.php?pid=289257,USHL,2025-26
U.S. National Development Team,Tyler Martyniuk,https://www.hockeydb.com/ihdb/stats/pdisplay.php?pid=289269,USHL,2025-26
U.S. National Development Team,Jake Boguniecki,https://www.hockeydb.com/ihdb/stats/pdisplay.php?pid=297041,USHL,2025-26
U.S. National Development Team,Jonny Bloedow,https://www.hockeydb.com/ihdb/stats/pdisplay.php?pid=297603,USHL,2025-26
U.S. National Development Team,Nick Bogas,https://www.hockeydb.com/ihdb/stats/pdisplay.php?pid=288027,USHL,2025-26
U.S. National Development Team,Sawyer Schmidt,https://www.hockeydb.com/ihdb/stats/pdisplay.php?pid=293903,USHL,2025-26
U.S. National Development Team,Sam Wathier,https://www.hockeydb.com/ihdb/stats/pdisplay.php?pid=289276,USHL,2025-26
U.S. National Development Team,Wyatt Jones,https://www.hockeydb.com/ihdb/stats/pdisplay.php?pid=297049,USHL,2025-26
U.S. National Development Team,Griffin Storey,https://www.hockeydb.com/ihdb/stats/pdisplay.php?pid=301021,USHL,2025-26
U.S. National Development Team,Luke Carrithers,https://www.hockeydb.com/ihdb/stats/pdisplay.php?pid=289260,USHL,2025-26
U.S. National Development Team,Beck Thoreson,https://www.hockeydb.com/ihdb/stats/pdisplay.php?pid=298102,USHL,2025-26
U.S. National Development Team,Harrison Dana,https://www.hockeydb.com/ihdb/stats/pdisplay.php?pid=301032,USHL,2025-26
U.S. National Development Team,Austin Ross,https://www.hockeydb.com/ihdb/stats/pdisplay.php?pid=301017,USHL,2025-26
U.S. National Development Team,Jack Dunne,https://www.hockeydb.com/ihdb/stats/pdisplay.php?pid=297466,USHL,2025-26
U.S. National Development Team,Jackson Ciuffetelli,https://www.hockeydb.com/ihdb/stats/pdisplay.php?pid=301033,USHL,2025-26
U.S. National Development Team,Cade Zoerink,https://www.hockeydb.com/ihdb/stats/pdisplay.php?pid=298209,USHL,2025-26
U.S. National Development Team,Carter Gardocki,https://www.hockeydb.com/ihdb/stats/pdisplay.php?pid=298059,USHL,2025-26
U.S. National Development Team,Cole Sabourin,https://www.hockeydb.com/ihdb/stats/pdisplay.php?pid=301025,USHL,2025-26
U.S. National Development Team,Charlie Mineman,https://www.hockeydb.com/ihdb/stats/pdisplay.php?pid=297183,USHL,2025-26
U.S. National Development Team,Sig Ebersold,https://www.hockeydb.com/ihdb/stats/pdisplay.php?pid=297346,USHL,2025-26
U.S. National Development Team,Gunnar Gullstrand,https://www.hockeydb.com/ihdb/stats/pdisplay.php?pid=297347,USHL,2025-26
U.S. National Development Team,Vincent Arnone,https://www.hockeydb.com/ihdb/stats/pdisplay.php?pid=297450,USHL,2025-26
U.S. National Development Team,Andrew Mohesky,https://www.hockeydb.com/ihdb/stats/pdisplay.php?pid=297483,USHL,2025-26
U.S. National Development Team,Cayden Jackman,https://www.hockeydb.com/ihdb/stats/pdisplay.php?pid=297048,USHL,2025-26
U.S. National Development Team,Brody George,https://www.hockeydb.com/ihdb/stats/pdisplay.php?pid=289264,USHL,2025-26
U.S. National Development Team,Brady Knowling,https://www.hockeydb.com/ihdb/stats/pdisplay.php?pid=291207,USHL,2025-26
U.S. National Development Team,Eli Winters,https://www.hockeydb.com/ihdb/stats/pdisplay.php?pid=297062,USHL,2025-26
U.S. National Development Team,Nate Chizik,https://www.hockeydb.com/ihdb/stats/pdisplay.php?pid=297042,USHL,2025-26
Sioux Falls Stampede,Ryan Cruthers,https://www.hockeydb.com/ihdb/stats/pdisplay.php?pid=74677,USHL,2025-26
Sioux Falls Stampede,Brandon Wildung,https://www.hockeydb.com/ihdb/stats/pdisplay.php?pid=145099,USHL,2025-26
Sioux Falls Stampede,Trevor Kleckner,https://www.hockeydb.com/ihdb/stats/pdisplay.php?pid=252610,USHL,2025-26
Sioux Falls Stampede,Ryan Black,https://www.hockeydb.com/ihdb/stats/pdisplay.php?pid=169155,USHL,2025-26
Sioux Falls Stampede,Thomas Zocco,https://www.hockeydb.com/ihdb/stats/pdisplay.php?pid=266401,USHL,2025-26
Sioux Falls Stampede,Logan Renkowski,https://www.hockeydb.com/ihdb/stats/pdisplay.php?pid=251212,USHL,2025-26
Sioux Falls Stampede,Brent Solomon,https://www.hockeydb.com/ihdb/stats/pdisplay.php?pid=292023,USHL,2025-26
Sioux Falls Stampede,J.J. Monteiro,https://www.hockeydb.com/ihdb/stats/pdisplay.php?pid=269866,USHL,2025-26
Sioux Falls Stampede,Cooper Soller,https://www.hockeydb.com/ihdb/stats/pdisplay.php?pid=292382,USHL,2025-26
Sioux Falls Stampede,Brock Schultz,https://www.hockeydb.com/ihdb/stats/pdisplay.php?pid=271185,USHL,2025-26
Sioux Falls Stampede,Ryder Betzold,https://www.hockeydb.com/ihdb/stats/pdisplay.php?pid=273758,USHL,2025-26
Sioux Falls Stampede,Joey Macrina,https://www.hockeydb.com/ihdb/stats/pdisplay.php?pid=290186,USHL,2025-26
Sioux Falls Stampede,Jake Prunty,https://www.hockeydb.com/ihdb/stats/pdisplay.php?pid=297288,USHL,2025-26
Sioux Falls Stampede,Matthew Grimes,https://www.hockeydb.com/ihdb/stats/pdisplay.php?pid=269668,USHL,2025-26
Sioux Falls Stampede,Joseph McGraw,https://www.hockeydb.com/ihdb/stats/pdisplay.php?pid=245565,USHL,2025-26
Sioux Falls Stampede,Anthony Bongo,https://www.hockeydb.com/ihdb/stats/pdisplay.php?pid=288191,USHL,2025-26
Sioux Falls Stampede,Jack Brauti,https://www.hockeydb.com/ihdb/stats/pdisplay.php?pid=265695,USHL,2025-26
Sioux Falls Stampede,Noah Mannausau,https://www.hockeydb.com/ihdb/stats/pdisplay.php?pid=294751,USHL,2025-26
Sioux Falls Stampede,Thomas Holtby,https://www.hockeydb.com/ihdb/stats/pdisplay.php?pid=266399,USHL,2025-26
Sioux Falls Stampede,Christian Chouha,https://www.hockeydb.com/ihdb/stats/pdisplay.php?pid=272033,USHL,2025-26
Sioux Falls Stampede,Juho Keinanen,https://www.hockeydb.com/ihdb/stats/pdisplay.php?pid=272699,USHL,2025-26
Sioux Falls Stampede,Wade Weil,https://www.hockeydb.com/ihdb/stats/pdisplay.php?pid=274206,USHL,2025-26
Sioux Falls Stampede,Markus Jakobsen,https://www.hockeydb.com/ihdb/stats/pdisplay.php?pid=266175,USHL,2025-26
Sioux Falls Stampede,Aidan Janz,https://www.hockeydb.com/ihdb/stats/pdisplay.php?pid=269672,USHL,2025-26
Sioux Falls Stampede,Nick Snyder,https://www.hockeydb.com/ihdb/stats/pdisplay.php?pid=289914,USHL,2025-26
Sioux Falls Stampede,Linards Feldbergs,https://www.hockeydb.com/ihdb/stats/pdisplay.php?pid=272909,USHL,2025-26
Sioux Falls Stampede,Ethan Sung,https://www.hockeydb.com/ihdb/stats/pdisplay.php?pid=301020,USHL,2025-26
Sioux Falls Stampede,Isaac Davis,https://www.hockeydb.com/ihdb/stats/pdisplay.php?pid=299299,USHL,2025-26
Sioux Falls Stampede,Dane Sorensen,https://www.hockeydb.com/ihdb/stats/pdisplay.php?pid=292383,USHL,2025-26
Sioux Falls Stampede,Jake Merens,https://www.hockeydb.com/ihdb/stats/pdisplay.php?pid=264729,USHL,2025-26
Sioux Falls Stampede,Sebastian Haborak,https://www.hockeydb.com/ihdb/stats/pdisplay.php?pid=296529,USHL,2025-26
Sioux Falls Stampede,Loic Nasreddine,https://www.hockeydb.com/ihdb/stats/pdisplay.php?pid=291388,USHL,2025-26
Sioux Falls Stampede,Alexej Kubat,https://www.hockeydb.com/ihdb/stats/pdisplay.php?pid=291970,USHL,2025-26
Sioux Falls Stampede,Isak Forslund,https://www.hockeydb.com/ihdb/stats/pdisplay.php?pid=269762,USHL,2025-26
Sioux Falls Stampede,Lazarus Ebanoidze,https://www.hockeydb.com/ihdb/stats/pdisplay.php?pid=286904,USHL,2025-26
Sioux Falls Stampede,Nicklas Nelson,https://www.hockeydb.com/ihdb/stats/pdisplay.php?pid=300835,USHL,2025-26
Sioux Falls Stampede,Justin Thibault,https://www.hockeydb.com/ihdb/stats/pdisplay.php?pid=287866,USHL,2025-26
Sioux Falls Stampede,Michael Bonkov,https://www.hockeydb.com/ihdb/stats/pdisplay.php?pid=297538,USHL,2025-26
Sioux Falls Stampede,Andrew Fox,https://www.hockeydb.com/ihdb/stats/pdisplay.php?pid=297721,USHL,2025-26
Sioux Falls Stampede,Caiden Pellegrino,https://www.hockeydb.com/ihdb/stats/pdisplay.php?pid=301028,USHL,2025-26
Sioux Falls Stampede,Will Leonard,https://www.hockeydb.com/ihdb/stats/pdisplay.php?pid=300832,USHL,2025-26
Sioux Falls Stampede,Erik Kald,https://www.hockeydb.com/ihdb/stats/pdisplay.php?pid=272054,USHL,2025-26
Sioux Falls Stampede,Waylon Esche,https://www.hockeydb.com/ihdb/stats/pdisplay.php?pid=261623,USHL,2025-26
Fargo Force,Brett Skinner,https://www.hockeydb.com/ihdb/stats/pdisplay.php?pid=64567,USHL,2025-26
Fargo Force,Jimmy Mullin,https://www.hockeydb.com/ihdb/stats/pdisplay.php?pid=130951,USHL,2025-26
Fargo Force,Carson Kosobud,https://www.hockeydb.com/ihdb/stats/pdisplay.php?pid=202511,USHL,2025-26
Fargo Force,Hank Johnson,https://www.hockeydb.com/ihdb/stats/pdisplay.php?pid=291986,USHL,2025-26
Fargo Force,Graham Jones,https://www.hockeydb.com/ihdb/stats/pdisplay.php?pid=292362,USHL,2025-26
Fargo Force,Luke McNamara,https://www.hockeydb.com/ihdb/stats/pdisplay.php?pid=249247,USHL,2025-26
Fargo Force,Axel Lofgren,https://www.hockeydb.com/ihdb/stats/pdisplay.php?pid=251056,USHL,2025-26
Fargo Force,Stepan Cerny,https://www.hockeydb.com/ihdb/stats/pdisplay.php?pid=288724,USHL,2025-26
Fargo Force,Cullen McCrate,https://www.hockeydb.com/ihdb/stats/pdisplay.php?pid=272992,USHL,2025-26
Fargo Force,Saxton Tess,https://www.hockeydb.com/ihdb/stats/pdisplay.php?pid=271566,USHL,2025-26
Fargo Force,Mason West,https://www.hockeydb.com/ihdb/stats/pdisplay.php?pid=292148,USHL,2025-26
Fargo Force,Garrett Lindberg,https://www.hockeydb.com/ihdb/stats/pdisplay.php?pid=271174,USHL,2025-26
Fargo Force,Jacob Sagadin,https://www.hockeydb.com/ihdb/stats/pdisplay.php?pid=248901,USHL,2025-26
Fargo Force,Brooks Cullen,https://www.hockeydb.com/ihdb/stats/pdisplay.php?pid=292120,USHL,2025-26
Fargo Force,Nate Delladonna,https://www.hockeydb.com/ihdb/stats/pdisplay.php?pid=266394,USHL,2025-26
Fargo Force,Bryce Mattern,https://www.hockeydb.com/ihdb/stats/pdisplay.php?pid=289701,USHL,2025-26
Fargo Force,Nicholas Kosiba,https://www.hockeydb.com/ihdb/stats/pdisplay.php?pid=273265,USHL,2025-26
Fargo Force,Graham Greeder,https://www.hockeydb.com/ihdb/stats/pdisplay.php?pid=297164,USHL,2025-26
Fargo Force,Zac Zimmerman,https://www.hockeydb.com/ihdb/stats/pdisplay.php?pid=292386,USHL,2025-26
Fargo Force,Arseni Marchenko,https://www.hockeydb.com/ihdb/stats/pdisplay.php?pid=288015,USHL,2025-26
Fargo Force,Jack Torr,https://www.hockeydb.com/ihdb/stats/pdisplay.php?pid=295829,USHL,2025-26
Fargo Force,Brady Zugec,https://www.hockeydb.com/ihdb/stats/pdisplay.php?pid=269695,USHL,2025-26
Fargo Force,Wyatt Sypniewski,https://www.hockeydb.com/ihdb/stats/pdisplay.php?pid=274097,USHL,2025-26
Fargo Force,Boden Sampair,https://www.hockeydb.com/ihdb/stats/pdisplay.php?pid=292182,USHL,2025-26
Fargo Force,Caleb Kim,https://www.hockeydb.com/ihdb/stats/pdisplay.php?pid=286928,USHL,2025-26
Fargo Force,Samuel Hrenak,https://www.hockeydb.com/ihdb/stats/pdisplay.php?pid=299479,USHL,2025-26
Fargo Force,Zaide Penner,https://www.hockeydb.com/ihdb/stats/pdisplay.php?pid=292377,USHL,2025-26
Fargo Force,Ajay White,https://www.hockeydb.com/ihdb/stats/pdisplay.php?pid=271014,USHL,2025-26
Fargo Force,Wyatt Kuznik,https://www.hockeydb.com/ihdb/stats/pdisplay.php?pid=301031,USHL,2025-26
Fargo Force,Andrew Smulkstys,https://www.hockeydb.com/ihdb/stats/pdisplay.php?pid=288974,USHL,2025-26
Fargo Force,Alan Lendak,https://www.hockeydb.com/ihdb/stats/pdisplay.php?pid=288013,USHL,2025-26
Fargo Force,Kevin Perreault,https://www.hockeydb.com/ihdb/stats/pdisplay.php?pid=288651,USHL,2025-26
Sioux City Musketeers,Jason Kersner,https://www.hockeydb.com/ihdb/stats/pdisplay.php?pid=151166,USHL,2025-26
Sioux City Musketeers,Alex Doyle,https://www.hockeydb.com/ihdb/stats/pdisplay.php?pid=198013,USHL,2025-26
Sioux City Musketeers,Jared Kersner,https://www.hockeydb.com/ihdb/stats/pdisplay.php?pid=137453,USHL,2025-26
Sioux City Musketeers,Shane Clifford,https://www.hockeydb.com/ihdb/stats/pdisplay.php?pid=71351,USHL,2025-26
Sioux City Musketeers,Luke Garry,https://www.hockeydb.com/ihdb/stats/pdisplay.php?pid=287475,USHL,2025-26
Sioux City Musketeers,William Tomko,https://www.hockeydb.com/ihdb/stats/pdisplay.php?pid=274307,USHL,2025-26
Sioux City Musketeers,Trey Jefferis,https://www.hockeydb.com/ihdb/stats/pdisplay.php?pid=271565,USHL,2025-26
Sioux City Musketeers,Shayne Gould,https://www.hockeydb.com/ihdb/stats/pdisplay.php?pid=289125,USHL,2025-26
Sioux City Musketeers,Elias Vatne,https://www.hockeydb.com/ihdb/stats/pdisplay.php?pid=265197,USHL,2025-26
Sioux City Musketeers,Gavin Garry,https://www.hockeydb.com/ihdb/stats/pdisplay.php?pid=269666,USHL,2025-26
Sioux City Musketeers,Max Anderson,https://www.hockeydb.com/ihdb/stats/pdisplay.php?pid=272119,USHL,2025-26
Sioux City Musketeers,Mason Stenger,https://www.hockeydb.com/ihdb/stats/pdisplay.php?pid=287722,USHL,2025-26
Sioux City Musketeers,Pavel Martinu,https://www.hockeydb.com/ihdb/stats/pdisplay.php?pid=291017,USHL,2025-26
Sioux City Musketeers,Lenny Giger,https://www.hockeydb.com/ihdb/stats/pdisplay.php?pid=266484,USHL,2025-26
Sioux City Musketeers,Darik Olson,https://www.hockeydb.com/ihdb/stats/pdisplay.php?pid=292279,USHL,2025-26
Sioux City Musketeers,Kason Muscutt,https://www.hockeydb.com/ihdb/stats/pdisplay.php?pid=260647,USHL,2025-26
Sioux City Musketeers,Christian Lyons,https://www.hockeydb.com/ihdb/stats/pdisplay.php?pid=272267,USHL,2025-26
Sioux City Musketeers,Ryan Poirier,https://www.hockeydb.com/ihdb/stats/pdisplay.php?pid=295220,USHL,2025-26
Sioux City Musketeers,Daniil Butin,https://www.hockeydb.com/ihdb/stats/pdisplay.php?pid=295224,USHL,2025-26
Sioux City Musketeers,Daniel D'Alessandro,https://www.hockeydb.com/ihdb/stats/pdisplay.php?pid=266419,USHL,2025-26
Sioux City Musketeers,Dakotah Bailey,https://www.hockeydb.com/ihdb/stats/pdisplay.php?pid=287997,USHL,2025-26
Sioux City Musketeers,Gavin Carr,https://www.hockeydb.com/ihdb/stats/pdisplay.php?pid=291808,USHL,2025-26
Sioux City Musketeers,Dallas Potter,https://www.hockeydb.com/ihdb/stats/pdisplay.php?pid=274073,USHL,2025-26
Sioux City Musketeers,Brock Stevenson,https://www.hockeydb.com/ihdb/stats/pdisplay.php?pid=298100,USHL,2025-26
Sioux City Musketeers,Jake Tavares,https://www.hockeydb.com/ihdb/stats/pdisplay.php?pid=295246,USHL,2025-26
Sioux City Musketeers,Travis Poliski,https://www.hockeydb.com/ihdb/stats/pdisplay.php?pid=289588,USHL,2025-26
Sioux City Musketeers,Caden Okovita,https://www.hockeydb.com/ihdb/stats/pdisplay.php?pid=264151,USHL,2025-26
Sioux City Musketeers,George Lovell,https://www.hockeydb.com/ihdb/stats/pdisplay.php?pid=290163,USHL,2025-26
Sioux City Musketeers,T.J. Hale,https://www.hockeydb.com/ihdb/stats/pdisplay.php?pid=301019,USHL,2025-26
Sioux City Musketeers,Jordan Tran,https://www.hockeydb.com/ihdb/stats/pdisplay.php?pid=299419,USHL,2025-26
Sioux City Musketeers,Garin Ludwig,https://www.hockeydb.com/ihdb/stats/pdisplay.php?pid=266404,USHL,2025-26
Sioux City Musketeers,Mason Peapenburg,https://www.hockeydb.com/ihdb/stats/pdisplay.php?pid=272477,USHL,2025-26
Sioux City Musketeers,Kiernan Poulin,https://www.hockeydb.com/ihdb/stats/pdisplay.php?pid=264075,USHL,2025-26
Sioux City Musketeers,Luke Lalonde,https://www.hockeydb.com/ihdb/stats/pdisplay.php?pid=292375,USHL,2025-26
Sioux City Musketeers,Carson Clukies,https://www.hockeydb.com/ihdb/stats/pdisplay.php?pid=297880,USHL,2025-26
Sioux City Musketeers,Tyler Muchmore,https://www.hockeydb.com/ihdb/stats/pdisplay.php?pid=301030,USHL,2025-26
Sioux City Musketeers,Myles Brosnan,https://www.hockeydb.com/ihdb/stats/pdisplay.php?pid=295223,USHL,2025-26
Sioux City Musketeers,Houston Smith,https://www.hockeydb.com/ihdb/stats/pdisplay.php?pid=297984,USHL,2025-26
Sioux City Musketeers,Andrew Cowgill,https://www.hockeydb.com/ihdb/stats/pdisplay.php?pid=286897,USHL,2025-26
Sioux City Musketeers,Max Yakub,https://www.hockeydb.com/ihdb/stats/pdisplay.php?pid=298208,USHL,2025-26
Sioux City Musketeers,J.P. Montgomery,https://www.hockeydb.com/ihdb/stats/pdisplay.php?pid=299358,USHL,2025-26
Sioux City Musketeers,Jack Sullivan,https://www.hockeydb.com/ihdb/stats/pdisplay.php?pid=289542,USHL,2025-26
Sioux City Musketeers,Kirby Perler,https://www.hockeydb.com/ihdb/stats/pdisplay.php?pid=272154,USHL,2025-26
Sioux City Musketeers,Bjorn Bronas,https://www.hockeydb.com/ihdb/stats/pdisplay.php?pid=271596,USHL,2025-26
Sioux City Musketeers,Ryder Shea,https://www.hockeydb.com/ihdb/stats/pdisplay.php?pid=263092,USHL,2025-26
Sioux City Musketeers,Jack Fichthorn,https://www.hockeydb.com/ihdb/stats/pdisplay.php?pid=295229,USHL,2025-26
Des Moines Buccaneers,Derek Damon,https://www.hockeydb.com/ihdb/stats/pdisplay.php?pid=72060,USHL,2025-26
Des Moines Buccaneers,Kevin Schmidt,https://www.hockeydb.com/ihdb/stats/pdisplay.php?pid=85959,USHL,2025-26
Des Moines Buccaneers,Tom Cogan,https://www.hockeydb.com/ihdb/stats/pdisplay.php?pid=79235,USHL,2025-26
Des Moines Buccaneers,C.J. Motte,https://www.hockeydb.com/ihdb/stats/pdisplay.php?pid=123372,USHL,2025-26
Des Moines Buccaneers,Ryan Seelinger,https://www.hockeydb.com/ihdb/stats/pdisplay.php?pid=266274,USHL,2025-26
Des Moines Buccaneers,Blake Zielinski,https://www.hockeydb.com/ihdb/stats/pdisplay.php?pid=289851,USHL,2025-26
Des Moines Buccaneers,Owen Tylec,https://www.hockeydb.com/ihdb/stats/pdisplay.php?pid=266393,USHL,2025-26
Des Moines Buccaneers,Riley Zupfer,https://www.hockeydb.com/ihdb/stats/pdisplay.php?pid=295460,USHL,2025-26
Des Moines Buccaneers,Ryland Randle,https://www.hockeydb.com/ihdb/stats/pdisplay.php?pid=292140,USHL,2025-26
Des Moines Buccaneers,Rhys Wallin,https://www.hockeydb.com/ihdb/stats/pdisplay.php?pid=274205,USHL,2025-26
Des Moines Buccaneers,Joseph Argentina,https://www.hockeydb.com/ihdb/stats/pdisplay.php?pid=295444,USHL,2025-26
Des Moines Buccaneers,Keaton Orrey,https://www.hockeydb.com/ihdb/stats/pdisplay.php?pid=270945,USHL,2025-26
Des Moines Buccaneers,Adam Zidlicky,https://www.hockeydb.com/ihdb/stats/pdisplay.php?pid=248760,USHL,2025-26
Des Moines Buccaneers,Jakub Dubravik,https://www.hockeydb.com/ihdb/stats/pdisplay.php?pid=289014,USHL,2025-26
Des Moines Buccaneers,Jason Davenport,https://www.hockeydb.com/ihdb/stats/pdisplay.php?pid=264730,USHL,2025-26
Des Moines Buccaneers,Harper Searles,https://www.hockeydb.com/ihdb/stats/pdisplay.php?pid=270977,USHL,2025-26
Des Moines Buccaneers,Luke Norcross,https://www.hockeydb.com/ihdb/stats/pdisplay.php?pid=287970,USHL,2025-26
Des Moines Buccaneers,Nathan Hauad,https://www.hockeydb.com/ihdb/stats/pdisplay.php?pid=295450,USHL,2025-26
Des Moines Buccaneers,Cade De St. Hubert,https://www.hockeydb.com/ihdb/stats/pdisplay.php?pid=288230,USHL,2025-26
Des Moines Buccaneers,Henry Chmiel,https://www.hockeydb.com/ihdb/stats/pdisplay.php?pid=295446,USHL,2025-26
Des Moines Buccaneers,Theo Kiss,https://www.hockeydb.com/ihdb/stats/pdisplay.php?pid=270597,USHL,2025-26
Des Moines Buccaneers,Becker Wenkus,https://www.hockeydb.com/ihdb/stats/pdisplay.php?pid=295459,USHL,2025-26
Des Moines Buccaneers,Ryan Kroll,https://www.hockeydb.com/ihdb/stats/pdisplay.php?pid=264733,USHL,2025-26
Des Moines Buccaneers,Tomas Mikel,https://www.hockeydb.com/ihdb/stats/pdisplay.php?pid=289581,USHL,2025-26
Des Moines Buccaneers,Cazimiro Carlson,https://www.hockeydb.com/ihdb/stats/pdisplay.php?pid=292119,USHL,2025-26
Des Moines Buccaneers,Nate Garski,https://www.hockeydb.com/ihdb/stats/pdisplay.php?pid=295486,USHL,2025-26
Des Moines Buccaneers,Reese Shaw,https://www.hockeydb.com/ihdb/stats/pdisplay.php?pid=263775,USHL,2025-26
Des Moines Buccaneers,Jakeb Lynch,https://www.hockeydb.com/ihdb/stats/pdisplay.php?pid=272989,USHL,2025-26
Des Moines Buccaneers,Michael Sandruck,https://www.hockeydb.com/ihdb/stats/pdisplay.php?pid=271930,USHL,2025-26
Des Moines Buccaneers,William Soffer,https://www.hockeydb.com/ihdb/stats/pdisplay.php?pid=299412,USHL,2025-26
Des Moines Buccaneers,Landon Cottingham,https://www.hockeydb.com/ihdb/stats/pdisplay.php?pid=288313,USHL,2025-26
Des Moines Buccaneers,Drew Roelofs,https://www.hockeydb.com/ihdb/stats/pdisplay.php?pid=266241,USHL,2025-26
Des Moines Buccaneers,Logan Hughes,https://www.hockeydb.com/ihdb/stats/pdisplay.php?pid=286918,USHL,2025-26
Des Moines Buccaneers,Miller Wenkus,https://www.hockeydb.com/ihdb/stats/pdisplay.php?pid=301023,USHL,2025-26
Des Moines Buccaneers,Ryan Gerlich,https://www.hockeydb.com/ihdb/stats/pdisplay.php?pid=288249,USHL,2025-26
Des Moines Buccaneers,Andrew Bely,https://www.hockeydb.com/ihdb/stats/pdisplay.php?pid=296865,USHL,2025-26
Des Moines Buccaneers,Andrei Nikolaev,https://www.hockeydb.com/ihdb/stats/pdisplay.php?pid=295065,USHL,2025-26
Des Moines Buccaneers,Danick St. Pierre,https://www.hockeydb.com/ihdb/stats/pdisplay.php?pid=295629,USHL,2025-26
Des Moines Buccaneers,Max Weilandt,https://www.hockeydb.com/ihdb/stats/pdisplay.php?pid=264728,USHL,2025-26
Lincoln Stars,Rocky Russo,https://www.hockeydb.com/ihdb/stats/pdisplay.php?pid=151153,USHL,2025-26
Lincoln Stars,Arthur Brey,https://www.hockeydb.com/ihdb/stats/pdisplay.php?pid=160539,USHL,2025-26
Lincoln Stars,Ross Kovacs,https://www.hockeydb.com/ihdb/stats/pdisplay.php?pid=159228,USHL,2025-26
Lincoln Stars,Alex Pelletier,https://www.hockeydb.com/ihdb/stats/pdisplay.php?pid=272032,USHL,2025-26
Lincoln Stars,Layne Loomer,https://www.hockeydb.com/ihdb/stats/pdisplay.php?pid=249179,USHL,2025-26
Lincoln Stars,Kade Kohanski,https://www.hockeydb.com/ihdb/stats/pdisplay.php?pid=266238,USHL,2025-26
Lincoln Stars,Nik Young,https://www.hockeydb.com/ihdb/stats/pdisplay.php?pid=266406,USHL,2025-26
Lincoln Stars,Nate Pederson,https://www.hockeydb.com/ihdb/stats/pdisplay.php?pid=289838,USHL,2025-26
Lincoln Stars,John Hirschfeld,https://www.hockeydb.com/ihdb/stats/pdisplay.php?pid=274197,USHL,2025-26
Lincoln Stars,Josef Eichler,https://www.hockeydb.com/ihdb/stats/pdisplay.php?pid=271123,USHL,2025-26
Lincoln Stars,Jackson Rudh,https://www.hockeydb.com/ihdb/stats/pdisplay.php?pid=273759,USHL,2025-26
Lincoln Stars,Drew Nelson,https://www.hockeydb.com/ihdb/stats/pdisplay.php?pid=270933,USHL,2025-26
Lincoln Stars,Brady Cunningham,https://www.hockeydb.com/ihdb/stats/pdisplay.php?pid=289806,USHL,2025-26
Lincoln Stars,Will Kortan,https://www.hockeydb.com/ihdb/stats/pdisplay.php?pid=292172,USHL,2025-26
Lincoln Stars,Aatu Karvinen,https://www.hockeydb.com/ihdb/stats/pdisplay.php?pid=295681,USHL,2025-26
Lincoln Stars,Drew DellaSalla,https://www.hockeydb.com/ihdb/stats/pdisplay.php?pid=271571,USHL,2025-26
Lincoln Stars,Cooper Williams,https://www.hockeydb.com/ihdb/stats/pdisplay.php?pid=287990,USHL,2025-26
Lincoln Stars,Josh Polak,https://www.hockeydb.com/ihdb/stats/pdisplay.php?pid=274118,USHL,2025-26
Lincoln Stars,Casey Vandertop,https://www.hockeydb.com/ihdb/stats/pdisplay.php?pid=295691,USHL,2025-26
Lincoln Stars,Griffin Brown,https://www.hockeydb.com/ihdb/stats/pdisplay.php?pid=272562,USHL,2025-26
Lincoln Stars,Samuel Murin,https://www.hockeydb.com/ihdb/stats/pdisplay.php?pid=288485,USHL,2025-26
Lincoln Stars,Brady Sloper,https://www.hockeydb.com/ihdb/stats/pdisplay.php?pid=295688,USHL,2025-26
Lincoln Stars,Cole Braunshausen,https://www.hockeydb.com/ihdb/stats/pdisplay.php?pid=300624,USHL,2025-26
Lincoln Stars,Nathaniel Poole,https://www.hockeydb.com/ihdb/stats/pdisplay.php?pid=295680,USHL,2025-26
Lincoln Stars,Brady Kudrna,https://www.hockeydb.com/ihdb/stats/pdisplay.php?pid=297050,USHL,2025-26
Lincoln Stars,K.J. Sauer,https://www.hockeydb.com/ihdb/stats/pdisplay.php?pid=300612,USHL,2025-26
Lincoln Stars,Evan Malkhassian,https://www.hockeydb.com/ihdb/stats/pdisplay.php?pid=265778,USHL,2025-26
Lincoln Stars,Samuel Hybsky,https://www.hockeydb.com/ihdb/stats/pdisplay.php?pid=291205,USHL,2025-26
Lincoln Stars,Lefty Markonidis,https://www.hockeydb.com/ihdb/stats/pdisplay.php?pid=288016,USHL,2025-26
Lincoln Stars,Luke Janviriya,https://www.hockeydb.com/ihdb/stats/pdisplay.php?pid=270890,USHL,2025-26
Lincoln Stars,Luke Puchner,https://www.hockeydb.com/ihdb/stats/pdisplay.php?pid=301027,USHL,2025-26
Lincoln Stars,Ivan Bercik,https://www.hockeydb.com/ihdb/stats/pdisplay.php?pid=290027,USHL,2025-26
Lincoln Stars,Charlie Durkin,https://www.hockeydb.com/ihdb/stats/pdisplay.php?pid=288360,USHL,2025-26
Lincoln Stars,Jeremy Poirier,https://www.hockeydb.com/ihdb/stats/pdisplay.php?pid=287179,USHL,2025-26
Lincoln Stars,Devon Keller,https://www.hockeydb.com/ihdb/stats/pdisplay.php?pid=299030,USHL,2025-26
Lincoln Stars,Daniel Greenbaum,https://www.hockeydb.com/ihdb/stats/pdisplay.php?pid=300172,USHL,2025-26
Lincoln Stars,Brayden Hughes,https://www.hockeydb.com/ihdb/stats/pdisplay.php?pid=291242,USHL,2025-26
Lincoln Stars,Lincoln Ayers-Assad,https://www.hockeydb.com/ihdb/stats/pdisplay.php?pid=300614,USHL,2025-26
Lincoln Stars,Jack Solomon,https://www.hockeydb.com/ihdb/stats/pdisplay.php?pid=269201,USHL,2025-26
Lincoln Stars,Kaiden Donia,https://www.hockeydb.com/ihdb/stats/pdisplay.php?pid=292121,USHL,2025-26
Lincoln Stars,Emery Ipsen,https://www.hockeydb.com/ihdb/stats/pdisplay.php?pid=298146,USHL,2025-26
Lincoln Stars,Charlie Menard,https://www.hockeydb.com/ihdb/stats/pdisplay.php?pid=286946,USHL,2025-26
Lincoln Stars,William Prowse,https://www.hockeydb.com/ihdb/stats/pdisplay.php?pid=289015,USHL,2025-26
Tri-City Storm,John Torchetti,https://www.hockeydb.com/ihdb/stats/pdisplay.php?pid=7562,USHL,2025-26
Tri-City Storm,Matthew Barry,https://www.hockeydb.com/ihdb/stats/pdisplay.php?pid=191939,USHL,2025-26
Tri-City Storm,Dan Hoehne,https://www.hockeydb.com/ihdb/stats/pdisplay.php?pid=67609,USHL,2025-26
Tri-City Storm,Carson Pilgrim,https://www.hockeydb.com/ihdb/stats/pdisplay.php?pid=266421,USHL,2025-26
Tri-City Storm,Bode Laylin,https://www.hockeydb.com/ihdb/stats/pdisplay.php?pid=274302,USHL,2025-26
Tri-City Storm,Brecken Smith,https://www.hockeydb.com/ihdb/stats/pdisplay.php?pid=266425,USHL,2025-26
Tri-City Storm,Mason Jenson,https://www.hockeydb.com/ihdb/stats/pdisplay.php?pid=287995,USHL,2025-26
Tri-City Storm,Ashton Dahms,https://www.hockeydb.com/ihdb/stats/pdisplay.php?pid=266271,USHL,2025-26
Tri-City Storm,Cameron Springer,https://www.hockeydb.com/ihdb/stats/pdisplay.php?pid=271743,USHL,2025-26
Tri-City Storm,Paul Bloomer,https://www.hockeydb.com/ihdb/stats/pdisplay.php?pid=266278,USHL,2025-26
Tri-City Storm,Luca Jarvis,https://www.hockeydb.com/ihdb/stats/pdisplay.php?pid=289694,USHL,2025-26
Tri-City Storm,Connor Brown,https://www.hockeydb.com/ihdb/stats/pdisplay.php?pid=247284,USHL,2025-26
Tri-City Storm,Oliver Ozogany,https://www.hockeydb.com/ihdb/stats/pdisplay.php?pid=295454,USHL,2025-26
Tri-City Storm,Cooper Ernewein,https://www.hockeydb.com/ihdb/stats/pdisplay.php?pid=291496,USHL,2025-26
Tri-City Storm,Lincoln Hjelm,https://www.hockeydb.com/ihdb/stats/pdisplay.php?pid=269849,USHL,2025-26
Tri-City Storm,Cade Kozak,https://www.hockeydb.com/ihdb/stats/pdisplay.php?pid=272966,USHL,2025-26
Tri-City Storm,Noah LaPointe,https://www.hockeydb.com/ihdb/stats/pdisplay.php?pid=262573,USHL,2025-26
Tri-City Storm,Luka Rohloff,https://www.hockeydb.com/ihdb/stats/pdisplay.php?pid=295455,USHL,2025-26
Tri-City Storm,Gairin Michalski,https://www.hockeydb.com/ihdb/stats/pdisplay.php?pid=295620,USHL,2025-26
Tri-City Storm,Evan Sofikitis,https://www.hockeydb.com/ihdb/stats/pdisplay.php?pid=266426,USHL,2025-26
Tri-City Storm,Maddox Malmquist,https://www.hockeydb.com/ihdb/stats/pdisplay.php?pid=295452,USHL,2025-26
Tri-City Storm,Maxwell Dessner,https://www.hockeydb.com/ihdb/stats/pdisplay.php?pid=298228,USHL,2025-26
Tri-City Storm,Drew Anastasio,https://www.hockeydb.com/ihdb/stats/pdisplay.php?pid=287934,USHL,2025-26
Tri-City Storm,Adam Obusek,https://www.hockeydb.com/ihdb/stats/pdisplay.php?pid=299395,USHL,2025-26
Tri-City Storm,Braydon Sisco,https://www.hockeydb.com/ihdb/stats/pdisplay.php?pid=298276,USHL,2025-26
Tri-City Storm,Jackson Lackas,https://www.hockeydb.com/ihdb/stats/pdisplay.php?pid=270904,USHL,2025-26
Tri-City Storm,Bode Wise,https://www.hockeydb.com/ihdb/stats/pdisplay.php?pid=287183,USHL,2025-26
Tri-City Storm,Evan Wanner,https://www.hockeydb.com/ihdb/stats/pdisplay.php?pid=300880,USHL,2025-26
Tri-City Storm,Kash Crawford,https://www.hockeydb.com/ihdb/stats/pdisplay.php?pid=270842,USHL,2025-26
Tri-City Storm,Luke Dubsky,https://www.hockeydb.com/ihdb/stats/pdisplay.php?pid=297953,USHL,2025-26
Tri-City Storm,Alexander Matveyev,https://www.hockeydb.com/ihdb/stats/pdisplay.php?pid=280670,USHL,2025-26
Tri-City Storm,Colton Whitfield,https://www.hockeydb.com/ihdb/stats/pdisplay.php?pid=274308,USHL,2025-26
Tri-City Storm,Matthew Koch,https://www.hockeydb.com/ihdb/stats/pdisplay.php?pid=301018,USHL,2025-26
Tri-City Storm,Tibor Baran,https://www.hockeydb.com/ihdb/stats/pdisplay.php?pid=297289,USHL,2025-26
Tri-City Storm,Evan Nee,https://www.hockeydb.com/ihdb/stats/pdisplay.php?pid=298082,USHL,2025-26
Tri-City Storm,Quinn Beumer,https://www.hockeydb.com/ihdb/stats/pdisplay.php?pid=298649,USHL,2025-26
Tri-City Storm,John Whisler,https://www.hockeydb.com/ihdb/stats/pdisplay.php?pid=300881,USHL,2025-26
Tri-City Storm,Kade McLaughlin,https://www.hockeydb.com/ihdb/stats/pdisplay.php?pid=300404,USHL,2025-26
Tri-City Storm,Owen Nelson,https://www.hockeydb.com/ihdb/stats/pdisplay.php?pid=295831,USHL,2025-26
Tri-City Storm,Michal Pradel,https://www.hockeydb.com/ihdb/stats/pdisplay.php?pid=291527,USHL,2025-26
Omaha Lancers,Ron Fogarty,https://www.hockeydb.com/ihdb/stats/pdisplay.php?pid=17747,USHL,2025-26
Omaha Lancers,Christian Graham,https://www.hockeydb.com/ihdb/stats/pdisplay.php?pid=21995,USHL,2025-26
Omaha Lancers,David Desander,https://www.hockeydb.com/ihdb/stats/pdisplay.php?pid=109687,USHL,2025-26
Omaha Lancers,Kole Hyles,https://www.hockeydb.com/ihdb/stats/pdisplay.php?pid=273301,USHL,2025-26
Omaha Lancers,Charlie Vig,https://www.hockeydb.com/ihdb/stats/pdisplay.php?pid=288198,USHL,2025-26
Omaha Lancers,Tanner Morgan,https://www.hockeydb.com/ihdb/stats/pdisplay.php?pid=289584,USHL,2025-26
Omaha Lancers,Adam Israilov,https://www.hockeydb.com/ihdb/stats/pdisplay.php?pid=295231,USHL,2025-26
Omaha Lancers,Yegor Kim,https://www.hockeydb.com/ihdb/stats/pdisplay.php?pid=295234,USHL,2025-26
Omaha Lancers,Ryan Aaronson,https://www.hockeydb.com/ihdb/stats/pdisplay.php?pid=272124,USHL,2025-26
Omaha Lancers,Jack Stanius,https://www.hockeydb.com/ihdb/stats/pdisplay.php?pid=295245,USHL,2025-26
Omaha Lancers,Cameron Caron,https://www.hockeydb.com/ihdb/stats/pdisplay.php?pid=274248,USHL,2025-26
Omaha Lancers,Brady Arneson,https://www.hockeydb.com/ihdb/stats/pdisplay.php?pid=262262,USHL,2025-26
Omaha Lancers,Tommy Spencer,https://www.hockeydb.com/ihdb/stats/pdisplay.php?pid=295244,USHL,2025-26
Omaha Lancers,Artyom Prima,https://www.hockeydb.com/ihdb/stats/pdisplay.php?pid=286207,USHL,2025-26
Omaha Lancers,Finn De St. Hubert,https://www.hockeydb.com/ihdb/stats/pdisplay.php?pid=274275,USHL,2025-26
Omaha Lancers,Ryder Reynolds,https://www.hockeydb.com/ihdb/stats/pdisplay.php?pid=272099,USHL,2025-26
Omaha Lancers,Drake Gram,https://www.hockeydb.com/ihdb/stats/pdisplay.php?pid=295488,USHL,2025-26
Omaha Lancers,Hudson Kowalchuk,https://www.hockeydb.com/ihdb/stats/pdisplay.php?pid=292374,USHL,2025-26
Omaha Lancers,Henryk Lasky,https://www.hockeydb.com/ihdb/stats/pdisplay.php?pid=246814,USHL,2025-26
Omaha Lancers,Brock Cheslock,https://www.hockeydb.com/ihdb/stats/pdisplay.php?pid=292165,USHL,2025-26
Omaha Lancers,Nikita Konevych,https://www.hockeydb.com/ihdb/stats/pdisplay.php?pid=271926,USHL,2025-26
Omaha Lancers,Todd Kilpela,https://www.hockeydb.com/ihdb/stats/pdisplay.php?pid=290899,USHL,2025-26
Omaha Lancers,Ilya Gromov,https://www.hockeydb.com/ihdb/stats/pdisplay.php?pid=298237,USHL,2025-26
Omaha Lancers,Ryan Yurkiw,https://www.hockeydb.com/ihdb/stats/pdisplay.php?pid=291442,USHL,2025-26
Omaha Lancers,Caden Lee,https://www.hockeydb.com/ihdb/stats/pdisplay.php?pid=269654,USHL,2025-26
Omaha Lancers,Owen Smith,https://www.hockeydb.com/ihdb/stats/pdisplay.php?pid=287211,USHL,2025-26
Omaha Lancers,Stanislav Sanejster,https://www.hockeydb.com/ihdb/stats/pdisplay.php?pid=300872,USHL,2025-26
Omaha Lancers,Thaddeus McMahon,https://www.hockeydb.com/ihdb/stats/pdisplay.php?pid=295237,USHL,2025-26
Omaha Lancers,Blake Sinclair,https://www.hockeydb.com/ihdb/stats/pdisplay.php?pid=292381,USHL,2025-26
Omaha Lancers,Nils Maurins,https://www.hockeydb.com/ihdb/stats/pdisplay.php?pid=265151,USHL,2025-26
Omaha Lancers,Joc Bukovec,https://www.hockeydb.com/ihdb/stats/pdisplay.php?pid=295445,USHL,2025-26
Omaha Lancers,Nathan Di Chiara,https://www.hockeydb.com/ihdb/stats/pdisplay.php?pid=296219,USHL,2025-26
Omaha Lancers,Brian Cooke,https://www.hockeydb.com/ihdb/stats/pdisplay.php?pid=296864,USHL,2025-26
Omaha Lancers,Owen Kailher,https://www.hockeydb.com/ihdb/stats/pdisplay.php?pid=300392,USHL,2025-26
Omaha Lancers,Aiden Mckenna,https://www.hockeydb.com/ihdb/stats/pdisplay.php?pid=268762,USHL,2025-26
Omaha Lancers,Michael Conlon,https://www.hockeydb.com/ihdb/stats/pdisplay.php?pid=287190,USHL,2025-26
Omaha Lancers,Kevin Lysohir,https://www.hockeydb.com/ihdb/stats/pdisplay.php?pid=290868,USHL,2025-26
Omaha Lancers,David Hruby,https://www.hockeydb.com/ihdb/stats/pdisplay.php?pid=288008,USHL,2025-26
Omaha Lancers,Jacob Solano,https://www.hockeydb.com/ihdb/stats/pdisplay.php?pid=286969,USHL,2025-26
Omaha Lancers,Devin Shakar,https://www.hockeydb.com/ihdb/stats/pdisplay.php?pid=287719,USHL,2025-26
Waterloo Black Hawks,Scott Gordon,https://www.hockeydb.com/ihdb/stats/pdisplay.php?pid=1966,USHL,2025-26
Waterloo Black Hawks,Brett Olson,https://www.hockeydb.com/ihdb/stats/pdisplay.php?pid=93996,USHL,2025-26
Waterloo Black Hawks,C.J. Eick,https://www.hockeydb.com/ihdb/stats/pdisplay.php?pid=127227,USHL,2025-26
Waterloo Black Hawks,Elliott Hogue,https://www.hockeydb.com/ihdb/stats/pdisplay.php?pid=182140,USHL,2025-26
Waterloo Black Hawks,Ty Mason,https://www.hockeydb.com/ihdb/stats/pdisplay.php?pid=247984,USHL,2025-26
Waterloo Black Hawks,Salvatore Viviano,https://www.hockeydb.com/ihdb/stats/pdisplay.php?pid=290663,USHL,2025-26
Waterloo Black Hawks,Cullen Emery,https://www.hockeydb.com/ihdb/stats/pdisplay.php?pid=270643,USHL,2025-26
Waterloo Black Hawks,Atte Vikla,https://www.hockeydb.com/ihdb/stats/pdisplay.php?pid=290881,USHL,2025-26
Waterloo Black Hawks,Rio Treharne,https://www.hockeydb.com/ihdb/stats/pdisplay.php?pid=288658,USHL,2025-26
Waterloo Black Hawks,Toby Carlson,https://www.hockeydb.com/ihdb/stats/pdisplay.php?pid=287682,USHL,2025-26
Waterloo Black Hawks,Dylan Nolan,https://www.hockeydb.com/ihdb/stats/pdisplay.php?pid=287480,USHL,2025-26
Waterloo Black Hawks,Drew Waterfield,https://www.hockeydb.com/ihdb/stats/pdisplay.php?pid=273299,USHL,2025-26
Waterloo Black Hawks,Tyler Deakos,https://www.hockeydb.com/ihdb/stats/pdisplay.php?pid=289499,USHL,2025-26
Waterloo Black Hawks,Travis Lefere,https://www.hockeydb.com/ihdb/stats/pdisplay.php?pid=273055,USHL,2025-26
Waterloo Black Hawks,Jackson Schneider,https://www.hockeydb.com/ihdb/stats/pdisplay.php?pid=273126,USHL,2025-26
Waterloo Black Hawks,Jimmy Rieber,https://www.hockeydb.com/ihdb/stats/pdisplay.php?pid=295242,USHL,2025-26
Waterloo Black Hawks,Caleb Deanovich,https://www.hockeydb.com/ihdb/stats/pdisplay.php?pid=298227,USHL,2025-26
Waterloo Black Hawks,Avery Laliberte,https://www.hockeydb.com/ihdb/stats/pdisplay.php?pid=270080,USHL,2025-26
Waterloo Black Hawks,Owen Degraff,https://www.hockeydb.com/ihdb/stats/pdisplay.php?pid=295228,USHL,2025-26
Waterloo Black Hawks,Viktor Eriksson,https://www.hockeydb.com/ihdb/stats/pdisplay.php?pid=260358,USHL,2025-26
Waterloo Black Hawks,Kade Meyer,https://www.hockeydb.com/ihdb/stats/pdisplay.php?pid=289428,USHL,2025-26
Waterloo Black Hawks,Nash Roed,https://www.hockeydb.com/ihdb/stats/pdisplay.php?pid=300409,USHL,2025-26
Waterloo Black Hawks,Miles Jinman,https://www.hockeydb.com/ihdb/stats/pdisplay.php?pid=297622,USHL,2025-26
Waterloo Black Hawks,Jakov Matijevic,https://www.hockeydb.com/ihdb/stats/pdisplay.php?pid=297179,USHL,2025-26
Waterloo Black Hawks,Dane Callaway,https://www.hockeydb.com/ihdb/stats/pdisplay.php?pid=289209,USHL,2025-26
Waterloo Black Hawks,Eli Zucker,https://www.hockeydb.com/ihdb/stats/pdisplay.php?pid=300884,USHL,2025-26
Waterloo Black Hawks,Austin Brekelmans,https://www.hockeydb.com/ihdb/stats/pdisplay.php?pid=284403,USHL,2025-26
Waterloo Black Hawks,J.J. Salajko,https://www.hockeydb.com/ihdb/stats/pdisplay.php?pid=271553,USHL,2025-26
Waterloo Black Hawks,Rian Marquardt,https://www.hockeydb.com/ihdb/stats/pdisplay.php?pid=300865,USHL,2025-26
Waterloo Black Hawks,Liam Schultz,https://www.hockeydb.com/ihdb/stats/pdisplay.php?pid=301024,USHL,2025-26
Waterloo Black Hawks,Sam Peckham,https://www.hockeydb.com/ihdb/stats/pdisplay.php?pid=301029,USHL,2025-26
Waterloo Black Hawks,Anthony Pellitteri,https://www.hockeydb.com/ihdb/stats/pdisplay.php?pid=295239,USHL,2025-26
Waterloo Black Hawks,Camden Langfeld,https://www.hockeydb.com/ihdb/stats/pdisplay.php?pid=300862,USHL,2025-26
Waterloo Black Hawks,Keegan Davis,https://www.hockeydb.com/ihdb/stats/pdisplay.php?pid=300853,USHL,2025-26
Waterloo Black Hawks,Phileas Lachat,https://www.hockeydb.com/ihdb/stats/pdisplay.php?pid=288538,USHL,2025-26
Penticton Vees,Jacob Kvasnicka,https://www.hockeydb.com/ihdb/stats/pdisplay.php?pid=271173,WHL,2025-26
Penticton Vees,Ryden Evers,https://www.hockeydb.com/ihdb/stats/pdisplay.php?pid=252587,WHL,2025-26
Penticton Vees,Brady Birnie,https://www.hockeydb.com/ihdb/stats/pdisplay.php?pid=241076,WHL,2025-26
Penticton Vees,Matteo Danis,https://www.hockeydb.com/ihdb/stats/pdisplay.php?pid=248082,WHL,2025-26
Penticton Vees,Brittan Alstead,https://www.hockeydb.com/ihdb/stats/pdisplay.php?pid=273760,WHL,2025-26
Penticton Vees,Ethan Weber,https://www.hockeydb.com/ihdb/stats/pdisplay.php?pid=264862,WHL,2025-26
Penticton Vees,Diego Johnson,https://www.hockeydb.com/ihdb/stats/pdisplay.php?pid=252640,WHL,2025-26
Penticton Vees,Nolan Stevenson,https://www.hockeydb.com/ihdb/stats/pdisplay.php?pid=251636,WHL,2025-26
Penticton Vees,Tristan Petersen,https://www.hockeydb.com/ihdb/stats/pdisplay.php?pid=291335,WHL,2025-26
Penticton Vees,Louis Wehmann,https://www.hockeydb.com/ihdb/stats/pdisplay.php?pid=271011,WHL,2025-26
Penticton Vees,Callum Stone,https://www.hockeydb.com/ihdb/stats/pdisplay.php?pid=287985,WHL,2025-26
Penticton Vees,Doogan Pederson,https://www.hockeydb.com/ihdb/stats/pdisplay.php?pid=263040,WHL,2025-26
Penticton Vees,Charlie Michaud,https://www.hockeydb.com/ihdb/stats/pdisplay.php?pid=264740,WHL,2025-26
Penticton Vees,Samuel Drancak,https://www.hockeydb.com/ihdb/stats/pdisplay.php?pid=264690,WHL,2025-26
Penticton Vees,Chase Valliant,https://www.hockeydb.com/ihdb/stats/pdisplay.php?pid=253025,WHL,2025-26
Penticton Vees,Brooks DeMars,https://www.hockeydb.com/ihdb/stats/pdisplay.php?pid=295366,WHL,2025-26
Penticton Vees,Cameron Norrie,https://www.hockeydb.com/ihdb/stats/pdisplay.php?pid=287653,WHL,2025-26
Penticton Vees,Jiri Kamas,https://www.hockeydb.com/ihdb/stats/pdisplay.php?pid=295376,WHL,2025-26
Penticton Vees,Noah Milford,https://www.hockeydb.com/ihdb/stats/pdisplay.php?pid=273128,WHL,2025-26
Penticton Vees,Morgan Tastad,https://www.hockeydb.com/ihdb/stats/pdisplay.php?pid=265962,WHL,2025-26
Penticton Vees,William James,https://www.hockeydb.com/ihdb/stats/pdisplay.php?pid=270139,WHL,2025-26
Penticton Vees,Sean Burick,https://www.hockeydb.com/ihdb/stats/pdisplay.php?pid=295810,WHL,2025-26
Penticton Vees,Booker Toninato,https://www.hockeydb.com/ihdb/stats/pdisplay.php?pid=297217,WHL,2025-26
Penticton Vees,Kash Alger-East,https://www.hockeydb.com/ihdb/stats/pdisplay.php?pid=287626,WHL,2025-26
Penticton Vees,Andrew Reyelts,https://www.hockeydb.com/ihdb/stats/pdisplay.php?pid=273778,WHL,2025-26
Penticton Vees,Easton LaPlante,https://www.hockeydb.com/ihdb/stats/pdisplay.php?pid=272123,WHL,2025-26
Penticton Vees,Corban Almen,https://www.hockeydb.com/ihdb/stats/pdisplay.php?pid=261487,WHL,2025-26
Penticton Vees,Jesse Sanche,https://www.hockeydb.com/ihdb/stats/pdisplay.php?pid=265957,WHL,2025-26
Penticton Vees,Ethan McCallum,https://www.hockeydb.com/ihdb/stats/pdisplay.php?pid=271404,WHL,2025-26
Prince George Cougars,Terik Parascak,https://www.hockeydb.com/ihdb/stats/pdisplay.php?pid=265268,WHL,2025-26
Prince George Cougars,Brock Souch,https://www.hockeydb.com/ihdb/stats/pdisplay.php?pid=260911,WHL,2025-26
Prince George Cougars,Carson Carels,https://www.hockeydb.com/ihdb/stats/pdisplay.php?pid=272662,WHL,2025-26
Prince George Cougars,Kooper Gizowski,https://www.hockeydb.com/ihdb/stats/pdisplay.php?pid=248291,WHL,2025-26
Prince George Cougars,Dmitry Yakutsenak,https://www.hockeydb.com/ihdb/stats/pdisplay.php?pid=281763,WHL,2025-26
Prince George Cougars,Arseni Anisimov,https://www.hockeydb.com/ihdb/stats/pdisplay.php?pid=289202,WHL,2025-26
Prince George Cougars,Bauer Dumanski,https://www.hockeydb.com/ihdb/stats/pdisplay.php?pid=248675,WHL,2025-26
Prince George Cougars,Lee Shurgot,https://www.hockeydb.com/ihdb/stats/pdisplay.php?pid=270169,WHL,2025-26
Prince George Cougars,Aiden Foster,https://www.hockeydb.com/ihdb/stats/pdisplay.php?pid=270128,WHL,2025-26
Prince George Cougars,Jett Lajoie,https://www.hockeydb.com/ihdb/stats/pdisplay.php?pid=270148,WHL,2025-26
Prince George Cougars,Kayden Lemire,https://www.hockeydb.com/ihdb/stats/pdisplay.php?pid=287646,WHL,2025-26
Prince George Cougars,Corbin Vaughan,https://www.hockeydb.com/ihdb/stats/pdisplay.php?pid=251358,WHL,2025-26
Prince George Cougars,Townes Kozicky,https://www.hockeydb.com/ihdb/stats/pdisplay.php?pid=287643,WHL,2025-26
Prince George Cougars,Riley Ashe,https://www.hockeydb.com/ihdb/stats/pdisplay.php?pid=261053,WHL,2025-26
Prince George Cougars,Dawson Seitz,https://www.hockeydb.com/ihdb/stats/pdisplay.php?pid=241245,WHL,2025-26
Prince George Cougars,Koy Funk,https://www.hockeydb.com/ihdb/stats/pdisplay.php?pid=288817,WHL,2025-26
Prince George Cougars,Kaeson Fisher,https://www.hockeydb.com/ihdb/stats/pdisplay.php?pid=288175,WHL,2025-26
Prince George Cougars,Eli Johnson,https://www.hockeydb.com/ihdb/stats/pdisplay.php?pid=295374,WHL,2025-26
Prince George Cougars,Cole Hajt,https://www.hockeydb.com/ihdb/stats/pdisplay.php?pid=295369,WHL,2025-26
Prince George Cougars,Shaun Rios,https://www.hockeydb.com/ihdb/stats/pdisplay.php?pid=288871,WHL,2025-26
Prince George Cougars,Tyrone Sobry,https://www.hockeydb.com/ihdb/stats/pdisplay.php?pid=264752,WHL,2025-26
Prince George Cougars,Jack Finnegan,https://www.hockeydb.com/ihdb/stats/pdisplay.php?pid=295808,WHL,2025-26
Prince George Cougars,Patrick Sopiarz,https://www.hockeydb.com/ihdb/stats/pdisplay.php?pid=287662,WHL,2025-26
Prince George Cougars,Phoenix Cahill,https://www.hockeydb.com/ihdb/stats/pdisplay.php?pid=292118,WHL,2025-26
Prince George Cougars,Aleksey Chichkin,https://www.hockeydb.com/ihdb/stats/pdisplay.php?pid=261920,WHL,2025-26
Prince George Cougars,Ethan Hamilton,https://www.hockeydb.com/ihdb/stats/pdisplay.php?pid=287637,WHL,2025-26
Prince George Cougars,Joshua Ravensbergen,https://www.hockeydb.com/ihdb/stats/pdisplay.php?pid=270166,WHL,2025-26
Prince George Cougars,Leith Hunter,https://www.hockeydb.com/ihdb/stats/pdisplay.php?pid=287640,WHL,2025-26
Prince George Cougars,Brady Holtvogt,https://www.hockeydb.com/ihdb/stats/pdisplay.php?pid=265840,WHL,2025-26
Prince George Cougars,Preston Lewis,https://www.hockeydb.com/ihdb/stats/pdisplay.php?pid=287042,WHL,2025-26
Prince George Cougars,Cooper Bratton,https://www.hockeydb.com/ihdb/stats/pdisplay.php?pid=298685,WHL,2025-26
Prince George Cougars,Alexander Levshyn,https://www.hockeydb.com/ihdb/stats/pdisplay.php?pid=273669,WHL,2025-26
Prince George Cougars,Dermot Johnston,https://www.hockeydb.com/ihdb/stats/pdisplay.php?pid=287641,WHL,2025-26
Kelowna Rockets,Tij Iginla,https://www.hockeydb.com/ihdb/stats/pdisplay.php?pid=251359,WHL,2025-26
Kelowna Rockets,Carson Wetsch,https://www.hockeydb.com/ihdb/stats/pdisplay.php?pid=253023,WHL,2025-26
Kelowna Rockets,Mazden Leslie,https://www.hockeydb.com/ihdb/stats/pdisplay.php?pid=241136,WHL,2025-26
Kelowna Rockets,Shane Smith,https://www.hockeydb.com/ihdb/stats/pdisplay.php?pid=241594,WHL,2025-26
Kelowna Rockets,Hiroki Gojsic,https://www.hockeydb.com/ihdb/stats/pdisplay.php?pid=252035,WHL,2025-26
Kelowna Rockets,Hayden Paupanekis,https://www.hockeydb.com/ihdb/stats/pdisplay.php?pid=264987,WHL,2025-26
Kelowna Rockets,Tomas Poletin,https://www.hockeydb.com/ihdb/stats/pdisplay.php?pid=289502,WHL,2025-26
Kelowna Rockets,Vojtech Cihar,https://www.hockeydb.com/ihdb/stats/pdisplay.php?pid=273562,WHL,2025-26
Kelowna Rockets,Ty Halaburda,https://www.hockeydb.com/ihdb/stats/pdisplay.php?pid=248292,WHL,2025-26
Kelowna Rockets,Rowan Guest,https://www.hockeydb.com/ihdb/stats/pdisplay.php?pid=288178,WHL,2025-26
Kelowna Rockets,Dawson Gerwing,https://www.hockeydb.com/ihdb/stats/pdisplay.php?pid=271405,WHL,2025-26
Kelowna Rockets,Owen Folstrom,https://www.hockeydb.com/ihdb/stats/pdisplay.php?pid=272557,WHL,2025-26
Kelowna Rockets,Levi Benson,https://www.hockeydb.com/ihdb/stats/pdisplay.php?pid=288169,WHL,2025-26
Kelowna Rockets,Will Sharpe,https://www.hockeydb.com/ihdb/stats/pdisplay.php?pid=264912,WHL,2025-26
Kelowna Rockets,Parker Alcos,https://www.hockeydb.com/ihdb/stats/pdisplay.php?pid=264345,WHL,2025-26
Kelowna Rockets,Nate Corbet,https://www.hockeydb.com/ihdb/stats/pdisplay.php?pid=270123,WHL,2025-26
Kelowna Rockets,Connor Pankratz,https://www.hockeydb.com/ihdb/stats/pdisplay.php?pid=288181,WHL,2025-26
Kelowna Rockets,Kayden Longley,https://www.hockeydb.com/ihdb/stats/pdisplay.php?pid=265269,WHL,2025-26
Kelowna Rockets,Keith McInnis,https://www.hockeydb.com/ihdb/stats/pdisplay.php?pid=261904,WHL,2025-26
Kelowna Rockets,Kalder Varga,https://www.hockeydb.com/ihdb/stats/pdisplay.php?pid=288187,WHL,2025-26
Kelowna Rockets,Jacob Henderson,https://www.hockeydb.com/ihdb/stats/pdisplay.php?pid=288179,WHL,2025-26
Kelowna Rockets,Jaxon Kehrig,https://www.hockeydb.com/ihdb/stats/pdisplay.php?pid=274020,WHL,2025-26
Kelowna Rockets,Daniel Pekar,https://www.hockeydb.com/ihdb/stats/pdisplay.php?pid=273559,WHL,2025-26
Kelowna Rockets,Ryan Oothoudt,https://www.hockeydb.com/ihdb/stats/pdisplay.php?pid=297971,WHL,2025-26
Kelowna Rockets,Eli Barrett,https://www.hockeydb.com/ihdb/stats/pdisplay.php?pid=290454,WHL,2025-26
Kelowna Rockets,Gabriel Guilbault,https://www.hockeydb.com/ihdb/stats/pdisplay.php?pid=262838,WHL,2025-26
Kelowna Rockets,Kanjyu Gojsic,https://www.hockeydb.com/ihdb/stats/pdisplay.php?pid=288176,WHL,2025-26
Kelowna Rockets,Harrison Boettiger,https://www.hockeydb.com/ihdb/stats/pdisplay.php?pid=271360,WHL,2025-26
Kelowna Rockets,Peyton Kettles,https://www.hockeydb.com/ihdb/stats/pdisplay.php?pid=264516,WHL,2025-26
Kelowna Rockets,Jackson Gillespie,https://www.hockeydb.com/ihdb/stats/pdisplay.php?pid=270132,WHL,2025-26
Kelowna Rockets,Josh Banini,https://www.hockeydb.com/ihdb/stats/pdisplay.php?pid=270118,WHL,2025-26
Kelowna Rockets,Owen Hayden,https://www.hockeydb.com/ihdb/stats/pdisplay.php?pid=297550,WHL,2025-26
Kelowna Rockets,Nathan Kam,https://www.hockeydb.com/ihdb/stats/pdisplay.php?pid=271572,WHL,2025-26
Kelowna Rockets,Jake Pilon,https://www.hockeydb.com/ihdb/stats/pdisplay.php?pid=270163,WHL,2025-26
Kelowna Rockets,Gabriel O'Brien,https://www.hockeydb.com/ihdb/stats/pdisplay.php?pid=291930,WHL,2025-26
Kelowna Rockets,Riley Pederson,https://www.hockeydb.com/ihdb/stats/pdisplay.php?pid=295377,WHL,2025-26
Kelowna Rockets,Linden Sobocan,https://www.hockeydb.com/ihdb/stats/pdisplay.php?pid=299332,WHL,2025-26
Kelowna Rockets,Von Lakovic,https://www.hockeydb.com/ihdb/stats/pdisplay.php?pid=300198,WHL,2025-26
Kelowna Rockets,Drew Larioza,https://www.hockeydb.com/ihdb/stats/pdisplay.php?pid=298657,WHL,2025-26
Kelowna Rockets,Carter Kowalyk,https://www.hockeydb.com/ihdb/stats/pdisplay.php?pid=250023,WHL,2025-26
Kelowna Rockets,William Matte,https://www.hockeydb.com/ihdb/stats/pdisplay.php?pid=298347,WHL,2025-26
Kelowna Rockets,Dallin Antos,https://www.hockeydb.com/ihdb/stats/pdisplay.php?pid=291891,WHL,2025-26
Kamloops Blazers,J.P. Hurlbert,https://www.hockeydb.com/ihdb/stats/pdisplay.php?pid=289266,WHL,2025-26
Kamloops Blazers,Nathan Behm,https://www.hockeydb.com/ihdb/stats/pdisplay.php?pid=261489,WHL,2025-26
Kamloops Blazers,Tommy Lafreniere,https://www.hockeydb.com/ihdb/stats/pdisplay.php?pid=273639,WHL,2025-26
Kamloops Blazers,Josh Evaschesen,https://www.hockeydb.com/ihdb/stats/pdisplay.php?pid=288231,WHL,2025-26
Kamloops Blazers,Jordan Keller,https://www.hockeydb.com/ihdb/stats/pdisplay.php?pid=251109,WHL,2025-26
Kamloops Blazers,Ty Bonkowski,https://www.hockeydb.com/ihdb/stats/pdisplay.php?pid=274084,WHL,2025-26
Kamloops Blazers,Cooper Moore,https://www.hockeydb.com/ihdb/stats/pdisplay.php?pid=289359,WHL,2025-26
Kamloops Blazers,Ryan Michael,https://www.hockeydb.com/ihdb/stats/pdisplay.php?pid=248297,WHL,2025-26
Kamloops Blazers,Isa Guram,https://www.hockeydb.com/ihdb/stats/pdisplay.php?pid=272042,WHL,2025-26
Kamloops Blazers,Harrison Brunicke,https://www.hockeydb.com/ihdb/stats/pdisplay.php?pid=252115,WHL,2025-26
Kamloops Blazers,Kayd Ruedig,https://www.hockeydb.com/ihdb/stats/pdisplay.php?pid=264746,WHL,2025-26
Kamloops Blazers,Vit Zahejsky,https://www.hockeydb.com/ihdb/stats/pdisplay.php?pid=273973,WHL,2025-26
Kamloops Blazers,Ty Coupland,https://www.hockeydb.com/ihdb/stats/pdisplay.php?pid=265270,WHL,2025-26
Kamloops Blazers,Rhett Ravndahl,https://www.hockeydb.com/ihdb/stats/pdisplay.php?pid=251505,WHL,2025-26
Kamloops Blazers,Jacob Dumansky,https://www.hockeydb.com/ihdb/stats/pdisplay.php?pid=290799,WHL,2025-26
Kamloops Blazers,Carson Olsen,https://www.hockeydb.com/ihdb/stats/pdisplay.php?pid=270566,WHL,2025-26
Kamloops Blazers,Owen Cooper,https://www.hockeydb.com/ihdb/stats/pdisplay.php?pid=272270,WHL,2025-26
Kamloops Blazers,Andrew Thomson,https://www.hockeydb.com/ihdb/stats/pdisplay.php?pid=270170,WHL,2025-26
Kamloops Blazers,Joaquin Geras,https://www.hockeydb.com/ihdb/stats/pdisplay.php?pid=290998,WHL,2025-26
Kamloops Blazers,Dryden Deobald,https://www.hockeydb.com/ihdb/stats/pdisplay.php?pid=287634,WHL,2025-26
Kamloops Blazers,Logan Edmonstone,https://www.hockeydb.com/ihdb/stats/pdisplay.php?pid=273997,WHL,2025-26
Kamloops Blazers,Asher Gingras,https://www.hockeydb.com/ihdb/stats/pdisplay.php?pid=295816,WHL,2025-26
Kamloops Blazers,Logan Lanti,https://www.hockeydb.com/ihdb/stats/pdisplay.php?pid=295817,WHL,2025-26
Kamloops Blazers,Madden Tymchak,https://www.hockeydb.com/ihdb/stats/pdisplay.php?pid=295826,WHL,2025-26
Kamloops Blazers,Kaeden Tate,https://www.hockeydb.com/ihdb/stats/pdisplay.php?pid=298020,WHL,2025-26
Kamloops Blazers,Evan Markel,https://www.hockeydb.com/ihdb/stats/pdisplay.php?pid=295820,WHL,2025-26
Kamloops Blazers,Eli Tverdovsky,https://www.hockeydb.com/ihdb/stats/pdisplay.php?pid=298633,WHL,2025-26
Kamloops Blazers,Teagen Bouchard,https://www.hockeydb.com/ihdb/stats/pdisplay.php?pid=297344,WHL,2025-26
Kamloops Blazers,Ivans Kufterins,https://www.hockeydb.com/ihdb/stats/pdisplay.php?pid=296524,WHL,2025-26
Victoria Royals,Roan Woodward,https://www.hockeydb.com/ihdb/stats/pdisplay.php?pid=248681,WHL,2025-26
Victoria Royals,Nolan Stewart,https://www.hockeydb.com/ihdb/stats/pdisplay.php?pid=287664,WHL,2025-26
Victoria Royals,Hayden Moore,https://www.hockeydb.com/ihdb/stats/pdisplay.php?pid=265331,WHL,2025-26
Victoria Royals,Heath Nelson,https://www.hockeydb.com/ihdb/stats/pdisplay.php?pid=288018,WHL,2025-26
Victoria Royals,Tim Runtso,https://www.hockeydb.com/ihdb/stats/pdisplay.php?pid=287716,WHL,2025-26
Victoria Royals,Reggie Newman,https://www.hockeydb.com/ihdb/stats/pdisplay.php?pid=248300,WHL,2025-26
Victoria Royals,Miles Cooper,https://www.hockeydb.com/ihdb/stats/pdisplay.php?pid=265386,WHL,2025-26
Victoria Royals,Ludovic Perreault,https://www.hockeydb.com/ihdb/stats/pdisplay.php?pid=290056,WHL,2025-26
Victoria Royals,Caleb Matthews,https://www.hockeydb.com/ihdb/stats/pdisplay.php?pid=264727,WHL,2025-26
Victoria Royals,Ashton Brown,https://www.hockeydb.com/ihdb/stats/pdisplay.php?pid=270121,WHL,2025-26
Victoria Royals,Odin Vauhkonen,https://www.hockeydb.com/ihdb/stats/pdisplay.php?pid=296525,WHL,2025-26
Victoria Royals,Landon Young,https://www.hockeydb.com/ihdb/stats/pdisplay.php?pid=265591,WHL,2025-26
Victoria Royals,Eli McKamey,https://www.hockeydb.com/ihdb/stats/pdisplay.php?pid=287967,WHL,2025-26
Victoria Royals,Henry Peterson,https://www.hockeydb.com/ihdb/stats/pdisplay.php?pid=286952,WHL,2025-26
Victoria Royals,Cruz Waltze,https://www.hockeydb.com/ihdb/stats/pdisplay.php?pid=288188,WHL,2025-26
Victoria Royals,Wyatt Danyleyko,https://www.hockeydb.com/ihdb/stats/pdisplay.php?pid=274083,WHL,2025-26
Victoria Royals,Max Silver,https://www.hockeydb.com/ihdb/stats/pdisplay.php?pid=287720,WHL,2025-26
Victoria Royals,Seth Fryer,https://www.hockeydb.com/ihdb/stats/pdisplay.php?pid=265093,WHL,2025-26
Victoria Royals,Layne Schofield,https://www.hockeydb.com/ihdb/stats/pdisplay.php?pid=287660,WHL,2025-26
Victoria Royals,Cosmo Wilson,https://www.hockeydb.com/ihdb/stats/pdisplay.php?pid=249979,WHL,2025-26
Victoria Royals,Jacob Schwartz,https://www.hockeydb.com/ihdb/stats/pdisplay.php?pid=289798,WHL,2025-26
Victoria Royals,Owen McCarthy,https://www.hockeydb.com/ihdb/stats/pdisplay.php?pid=287966,WHL,2025-26
Victoria Royals,Cohen Massey,https://www.hockeydb.com/ihdb/stats/pdisplay.php?pid=270153,WHL,2025-26
Victoria Royals,Max Finley,https://www.hockeydb.com/ihdb/stats/pdisplay.php?pid=265387,WHL,2025-26
Victoria Royals,Daniel Morozov,https://www.hockeydb.com/ihdb/stats/pdisplay.php?pid=272993,WHL,2025-26
Victoria Royals,Mykola Kosarev,https://www.hockeydb.com/ihdb/stats/pdisplay.php?pid=297077,WHL,2025-26
Victoria Royals,Ethan Eskit,https://www.hockeydb.com/ihdb/stats/pdisplay.php?pid=265592,WHL,2025-26
Victoria Royals,Roan Greschuk,https://www.hockeydb.com/ihdb/stats/pdisplay.php?pid=300831,WHL,2025-26
Victoria Royals,Koltin Herfst,https://www.hockeydb.com/ihdb/stats/pdisplay.php?pid=293548,WHL,2025-26
Victoria Royals,Seth Badry,https://www.hockeydb.com/ihdb/stats/pdisplay.php?pid=296635,WHL,2025-26
Victoria Royals,Carsten Kayter,https://www.hockeydb.com/ihdb/stats/pdisplay.php?pid=261086,WHL,2025-26
Vancouver Giants,Cameron Schmidt,https://www.hockeydb.com/ihdb/stats/pdisplay.php?pid=265007,WHL,2025-26
Vancouver Giants,Ryan Lin,https://www.hockeydb.com/ihdb/stats/pdisplay.php?pid=272045,WHL,2025-26
Vancouver Giants,Jakob Oreskovic,https://www.hockeydb.com/ihdb/stats/pdisplay.php?pid=264684,WHL,2025-26
Vancouver Giants,Tyus Sparks,https://www.hockeydb.com/ihdb/stats/pdisplay.php?pid=287663,WHL,2025-26
Vancouver Giants,Brett Olson,https://www.hockeydb.com/ihdb/stats/pdisplay.php?pid=287623,WHL,2025-26
Vancouver Giants,Tobias Tomik,https://www.hockeydb.com/ihdb/stats/pdisplay.php?pid=272259,WHL,2025-26
Vancouver Giants,Aaron Obobaifo,https://www.hockeydb.com/ihdb/stats/pdisplay.php?pid=270159,WHL,2025-26
Vancouver Giants,Adam Titlbach,https://www.hockeydb.com/ihdb/stats/pdisplay.php?pid=270172,WHL,2025-26
Vancouver Giants,Blake Chorney,https://www.hockeydb.com/ihdb/stats/pdisplay.php?pid=289816,WHL,2025-26
Vancouver Giants,Colton Gerrior,https://www.hockeydb.com/ihdb/stats/pdisplay.php?pid=272030,WHL,2025-26
Vancouver Giants,Ethan Mittelsteadt,https://www.hockeydb.com/ihdb/stats/pdisplay.php?pid=248298,WHL,2025-26
Vancouver Giants,Mathis Preston,https://www.hockeydb.com/ihdb/stats/pdisplay.php?pid=270761,WHL,2025-26
Vancouver Giants,Leonardo Domenichelli,https://www.hockeydb.com/ihdb/stats/pdisplay.php?pid=273883,WHL,2025-26
Vancouver Giants,Joe Iginla,https://www.hockeydb.com/ihdb/stats/pdisplay.php?pid=272658,WHL,2025-26
Vancouver Giants,Marek Howell,https://www.hockeydb.com/ihdb/stats/pdisplay.php?pid=251424,WHL,2025-26
Vancouver Giants,Samuel Charko,https://www.hockeydb.com/ihdb/stats/pdisplay.php?pid=270122,WHL,2025-26
Vancouver Giants,Misha Volotovskii,https://www.hockeydb.com/ihdb/stats/pdisplay.php?pid=248109,WHL,2025-26
Vancouver Giants,Torretto Marrelli,https://www.hockeydb.com/ihdb/stats/pdisplay.php?pid=273045,WHL,2025-26
Vancouver Giants,Lance McCloskey,https://www.hockeydb.com/ihdb/stats/pdisplay.php?pid=297078,WHL,2025-26
Vancouver Giants,Kaleb Hartmann,https://www.hockeydb.com/ihdb/stats/pdisplay.php?pid=265963,WHL,2025-26
Vancouver Giants,Braydon Riggall,https://www.hockeydb.com/ihdb/stats/pdisplay.php?pid=273963,WHL,2025-26
Vancouver Giants,Colton Alain,https://www.hockeydb.com/ihdb/stats/pdisplay.php?pid=264054,WHL,2025-26
Vancouver Giants,Luca Pura,https://www.hockeydb.com/ihdb/stats/pdisplay.php?pid=292090,WHL,2025-26
Vancouver Giants,Jan Skok,https://www.hockeydb.com/ihdb/stats/pdisplay.php?pid=265621,WHL,2025-26
Vancouver Giants,Louis-Oscar Holowaychuk,https://www.hockeydb.com/ihdb/stats/pdisplay.php?pid=298297,WHL,2025-26
Vancouver Giants,Jaxson Pawlenchuk,https://www.hockeydb.com/ihdb/stats/pdisplay.php?pid=287654,WHL,2025-26
Vancouver Giants,Richard Wonyeneh,https://www.hockeydb.com/ihdb/stats/pdisplay.php?pid=296526,WHL,2025-26
Vancouver Giants,Conner Radke,https://www.hockeydb.com/ihdb/stats/pdisplay.php?pid=261512,WHL,2025-26
Vancouver Giants,Kaden Hayes,https://www.hockeydb.com/ihdb/stats/pdisplay.php?pid=290442,WHL,2025-26
Vancouver Giants,Caden Cail,https://www.hockeydb.com/ihdb/stats/pdisplay.php?pid=287625,WHL,2025-26
Vancouver Giants,Kelton Pyne,https://www.hockeydb.com/ihdb/stats/pdisplay.php?pid=250016,WHL,2025-26
Vancouver Giants,Ryan Tamelin,https://www.hockeydb.com/ihdb/stats/pdisplay.php?pid=273102,WHL,2025-26
Vancouver Giants,Hayden Iron Shirt,https://www.hockeydb.com/ihdb/stats/pdisplay.php?pid=297886,WHL,2025-26
Vancouver Giants,Oliver Bryks,https://www.hockeydb.com/ihdb/stats/pdisplay.php?pid=300152,WHL,2025-26
Vancouver Giants,Owen Lunneborg,https://www.hockeydb.com/ihdb/stats/pdisplay.php?pid=289993,WHL,2025-26
Vancouver Giants,Tafari Chingwaru,https://www.hockeydb.com/ihdb/stats/pdisplay.php?pid=273961,WHL,2025-26
Vancouver Giants,Dylan Hurren,https://www.hockeydb.com/ihdb/stats/pdisplay.php?pid=291243,WHL,2025-26
Vancouver Giants,Kolby Gapter,https://www.hockeydb.com/ihdb/stats/pdisplay.php?pid=287636,WHL,2025-26
Vancouver Giants,Crosby Mateychuk,https://www.hockeydb.com/ihdb/stats/pdisplay.php?pid=298626,WHL,2025-26
Vancouver Giants,Burke Hood,https://www.hockeydb.com/ihdb/stats/pdisplay.php?pid=274139,WHL,2025-26
Medicine Hat Tigers,Markus Ruck,https://www.hockeydb.com/ihdb/stats/pdisplay.php?pid=272332,WHL,2025-26
Medicine Hat Tigers,Liam Ruck,https://www.hockeydb.com/ihdb/stats/pdisplay.php?pid=272268,WHL,2025-26
Medicine Hat Tigers,Jonas Woo,https://www.hockeydb.com/ihdb/stats/pdisplay.php?pid=251240,WHL,2025-26
Medicine Hat Tigers,Bryce Pickford,https://www.hockeydb.com/ihdb/stats/pdisplay.php?pid=253022,WHL,2025-26
Medicine Hat Tigers,Yaroslav Bryzgalov,https://www.hockeydb.com/ihdb/stats/pdisplay.php?pid=287998,WHL,2025-26
Medicine Hat Tigers,Noah Davidson,https://www.hockeydb.com/ihdb/stats/pdisplay.php?pid=295812,WHL,2025-26
Medicine Hat Tigers,Andrew Basha,https://www.hockeydb.com/ihdb/stats/pdisplay.php?pid=250842,WHL,2025-26
Medicine Hat Tigers,Kade Stengrim,https://www.hockeydb.com/ihdb/stats/pdisplay.php?pid=289124,WHL,2025-26
Medicine Hat Tigers,Kadon McCann,https://www.hockeydb.com/ihdb/stats/pdisplay.php?pid=265009,WHL,2025-26
Medicine Hat Tigers,Shaeffer Gordon-Carroll,https://www.hockeydb.com/ihdb/stats/pdisplay.php?pid=288177,WHL,2025-26
Medicine Hat Tigers,Carter Cunningham,https://www.hockeydb.com/ihdb/stats/pdisplay.php?pid=264411,WHL,2025-26
Medicine Hat Tigers,Tyson Moss,https://www.hockeydb.com/ihdb/stats/pdisplay.php?pid=287969,WHL,2025-26
Medicine Hat Tigers,Dayton Reschny,https://www.hockeydb.com/ihdb/stats/pdisplay.php?pid=265651,WHL,2025-26
Medicine Hat Tigers,Josh Van Mulligen,https://www.hockeydb.com/ihdb/stats/pdisplay.php?pid=249232,WHL,2025-26
Medicine Hat Tigers,Ethan Neutens,https://www.hockeydb.com/ihdb/stats/pdisplay.php?pid=249035,WHL,2025-26
Medicine Hat Tigers,Veeti Vaisanen,https://www.hockeydb.com/ihdb/stats/pdisplay.php?pid=266535,WHL,2025-26
Medicine Hat Tigers,Cameron Parr,https://www.hockeydb.com/ihdb/stats/pdisplay.php?pid=189377,WHL,2025-26
Medicine Hat Tigers,Luke Cozens,https://www.hockeydb.com/ihdb/stats/pdisplay.php?pid=264535,WHL,2025-26
Medicine Hat Tigers,Gavin Kor,https://www.hockeydb.com/ihdb/stats/pdisplay.php?pid=270598,WHL,2025-26
Medicine Hat Tigers,Kyle Heger,https://www.hockeydb.com/ihdb/stats/pdisplay.php?pid=292371,WHL,2025-26
Medicine Hat Tigers,Riley Steen,https://www.hockeydb.com/ihdb/stats/pdisplay.php?pid=288185,WHL,2025-26
Medicine Hat Tigers,Niilopekka Muhonen,https://www.hockeydb.com/ihdb/stats/pdisplay.php?pid=273306,WHL,2025-26
Medicine Hat Tigers,Carter Casey,https://www.hockeydb.com/ihdb/stats/pdisplay.php?pid=292363,WHL,2025-26
Medicine Hat Tigers,Luke Warrener,https://www.hockeydb.com/ihdb/stats/pdisplay.php?pid=295806,WHL,2025-26
Medicine Hat Tigers,Jordan Switzer,https://www.hockeydb.com/ihdb/stats/pdisplay.php?pid=273765,WHL,2025-26
Medicine Hat Tigers,Cash Christie,https://www.hockeydb.com/ihdb/stats/pdisplay.php?pid=300157,WHL,2025-26
Medicine Hat Tigers,Max Sullivan,https://www.hockeydb.com/ihdb/stats/pdisplay.php?pid=262944,WHL,2025-26
Medicine Hat Tigers,Brayden Ryan-MacKay,https://www.hockeydb.com/ihdb/stats/pdisplay.php?pid=273998,WHL,2025-26
Medicine Hat Tigers,Luke Ruptash,https://www.hockeydb.com/ihdb/stats/pdisplay.php?pid=288183,WHL,2025-26
