Date,1,2,3,4,5,6,7,8,9,10,11,12,13,14,15,16
10/13/25,"1""","13/16""","1-1/8""","1-1/8""","1-1/2""","1-1/8""","1-1/8""","1-3/4""","1-1/8""","1-1/8""","1-1/8""","1""","1-1/2""","1-1/8""","1-1/8""","1-1/2"""
10/20/25,"1""","1-1/8""","1""","1-1/8""","1-1/4""","1""","1-1/8""","1-1/2""","1""","1-1/8""","1""","1""","1-1/4""","1""","1-1/8""","1-1/2"""
10/29/25,"1-1/8""","1-3/8""","1-1/8""","1""","1-1/2""","1""","1-1/8""","1-1/2""","1-1/8""","1""","1-3/16""","1""","1-1/2""","1""","1""","1-1/2"""
11/12/25,"1""","1-1/4""","1-1/4""","1-1/4""","1-1/2""","3/4""","7/8""","1-3/4""","1-1/4""","1-1/4""","1-1/4""","1-1/4""","1-1/2""","3/4""","3/4""","1-1/2"""
11/17/25,"1-1/4""","1""","1""","1-1/8""","1-3/4""","1""","1""","1-3/4""","1-1/8""","1-1/8""","1""","1-1/8""","1-3/4""","1""","1""","1-3/4"""
11/24/25,"1""","1""","3/4""","1""","1-1/2""","1""","1-1/8""","1-1/2""","1""","1-1/8""","3/4""","1""","1-1/2""","3/4""","1""","1-1/2"""
12/1/25,"1-1/8""","1""","1/2""","1""","1-1/2""","1""","1-1/8""","1-1/2""","1""","1-1/8""","3/4""","1""","1-1/2""","3/4""","1""","1-1/2"""
12/9/25,"1-1/8""","1""","3/4""","1""","1-1/2""","1""","1""","1-1/2""","1""","1-1/4""","1""","1-1/4""","1-1/2""","7/8""","1""","1-1/2"""
12/16/25,"1-1/4""","1-1/8""","1""","1-1/4""","1-1/2""","1""","1""","1-1/2""","1-1/4""","1-1/4""","1""","1-1/4""","1-1/2""","7/8""","1""","1-3/8"""
12/22/25,"1-1/4""","1-1/4""","1""","1-3/8""","1-1/2""","1""","1""","1-3/4""","1-1/4""","1-1/2""","1-1/4""","1-3/8""","1-1/2""","1""","1""","1-3/8"""
1/5/26,"1-3/8""","1-1/4""","1-1/4""","1-3/8""","1-3/4""","1""","1""","1-3/4""","1-3/8""","1-1/2""","1-1/4""","1-3/8""","1-1/2""","1""","1""","1-3/4"""
1/13/26,"1-3/8""","1-3/8""","1-1/2""","1-1/2""","1-3/4""","1""","1""","1-3/4""","1-1/2""","1-1/2""","1-3/8""","1-3/8""","1-1/2""","1""","1""","1-3/4"""
1/20/26,"1-1/2""","1-1/2""","1-1/2""","1-1/2""","1-3/4""","1""","1""","1-3/4""","1-1/2""","1-1/2""","1-3/8""","1-3/8""","1-1/2""","1""","1""","1-3/4"""
1/27/26,"1-1/2""","1-1/2""","1-1/2""","1-1/2""","1-3/4""","1""","1-1/4""","1-3/4""","1-1/2""","1-1/2""","1-1/2""","1-1/2""","1-3/4""","3/4""","1-1/4""","1-3/4"""
2/6/26,"1-1/2""","1-1/2""","1-1/4""","1-1/4""","1-3/4""","1""","1-1/4""","1-3/4""","1-1/2""","1-1/2""","1-1/2""","1-1/2""","1-3/4""","5/8""","1-1/4""","1-3/4"""
2/13/26,"1-1/2""","1-1/2""","1-1/2""","1-3/8""","1-3/4""","1""","1-1/4""","1-3/4""","1-1/2""","1-1/2""","1-1/2""","1-1/2""","1-3/4""","3/4""","1-1/4""","1-3/4"""
2/18/26,"1-1/2""","1-1/2""","1-1/2""","1-1/2""","1-1/2""","1""","1-1/4""","1-1/2""","1-1/2""","1-1/2""","1-1/2""","1-1/2""","1-5/8""","5/8""","1-1/4""","1-1/2"""
2/26/26,"1-1/2""","1-1/2""","1-1/2""","1-1/2""","1-1/2""","1""","1-1/4""","1-3/4""","1-1/2""","1-1/2""","1-1/2""","1-1/2""","1-3/4""","1""","1-1/4""","1-3/4"""
3/5/26,"1-1/2""","1-1/2""","1-1/2""","1-1/2""","1-1/2""","1""","1-1/4""","1-1/2""","1-1/2""","1-1/2""","1-1/2""","1-1/2""","1-1/2""","1""","1""","1-1/2"""
3/12/26,"1-1/2""","1-1/2""","1-1/2""","1-3/8""","1-1/2""","1""","1-1/4""","1-1/2""","1-1/2""","1-1/2""","1-1/2""","1-1/2""","1-1/2""","1""","1""","1-1/2"""
3/19/26,"1-1/2""","1-3/8""","1-1/2""","1-3/8""","1-1/2""","1""","1-1/4""","1-1/2""","1-1/2""","1-1/2""","1-1/2""","1-1/2""","1-1/2""","3/4""","1""","1-1/2"""
3/24/26,"1-1/2""","1-3/8""","1-1/2""","1-1/2""","1-1/2""","1""","1-1/4""","1-1/2""","1-1/2""","1-1/4""","1-1/4""","1-1/2""","1-1/2""","3/4""","1""","1-1/2"""
4/6/26,"1-1/4""","1-1/8""","1-1/8""","1-1/2""","1-3/4""","1-1/4""","1-1/4""","1-3/4""","1-1/4""","1-1/4""","1-1/4""","1-3/8""","1-1/2""","1-1/4""","1-1/4""","1-3/4"""
4/8/26,"1-1/4""","1-1/8""","1-1/8""","1-1/2""","1-3/4""","1-1/4""","1-1/4""","1-3/4""","1-1/4""","1-1/4""","1-1/4""","1-3/8""","1-1/2""","1-1/4""","1-1/4""","1-3/8"""
4/16/26,"1-1/2""","1-1/4""","1-1/4""","1-1/2""","1-5/8""","1-1/4""","1-1/4""","1-1/2""","1-1/2""","1-1/2""","1-3/8""","1-1/4""","1-1/2""","1-3/16""","1-3/16""","1-1/2"""
4/23/26,"1-1/2""","1-1/2""","1-1/2""","1-1/2""","2""","1-1/4""","1-1/4""","1-1/2""","1-1/2""","1-1/2""","1-1/2""","1-1/4""","1-5/8""","1-1/4""","1-1/4""","1-3/4"""
4/29/26,"1-1/2""","1-1/2""","1-1/2""","1-1/2""","1-3/4""","1-1/4""","1-1/4""","1-3/4""","1-1/2""","1-1/2""","1-1/2""","1-1/4""","1-3/4""","1""","1-1/4""","1-3/4"""
5/5/26,"1-1/2""","1-1/2""","1-1/2""","1-1/2""","2""","1-1/4""","1-1/4""","2""","1-1/2""","1-1/2""","1-1/2""","1-1/2""","2""","1""","1-1/4""","2"""
5/13/26,"1-1/2""","1-1/8""","1-1/8""","1-1/2""","1-3/4""","1-1/4""","1-1/2""","1-1/2""","1-1/2""","1-1/2""","1-1/2""","1-1/8""","1-1/2""","1""","1-3/8""","1-1/2"""
5/20/26,"1-1/2""","1""","1""","1-1/2""","1-1/2""","1-1/4""","1-1/2""","1-1/2""","1-1/4""","1-1/4""","1-1/4""","1""","1-1/2""","1""","1-1/2""","1-1/2"""
6/1/26,"1-1/2""","1-1/8""","1-1/8""","1-1/2""","1-3/4""","1-1/4""","1-1/2""","1-1/2""","1-1/4""","1-1/4""","1-1/4""","1-1/8""","1-3/8""","1-1/8""","1-1/2""","1-5/8"""
6/9/26,"1-1/2""","1-1/8""","1-1/8""","1-3/4""","1-1/2""","1-1/2""","1-5/8""","1-3/8""","1-1/2""","1-3/8""","1-3/8""","1-1/8""","1-5/8""","1-1/8""","1-1/2""","1-3/4"""
