Date,TAVG,TMAX,TMIN
5/12/2025,55,69,41
5/13/2025,67,79,55
5/14/2025,62.5,73,52
5/15/2025,66,77,55
5/16/2025,69,82,56
5/17/2025,65.5,83,48
5/18/2025,56,63,49
5/19/2025,47.5,57,38
5/20/2025,44,49,39
5/21/2025,42,44,40
5/22/2025,45,47,43
5/23/2025,47.5,57,38
5/24/2025,48,59,37
5/25/2025,50.5,61,40
5/26/2025,53.5,67,40
5/27/2025,52,63,41
5/28/2025,61.5,69,54
5/29/2025,53.5,59,48
5/30/2025,58,68,48
5/31/2025,57.5,71,44
6/1/2025,50.5,63,38
6/2/2025,57,68,46
6/3/2025,68.5,82,55
6/4/2025,70.5,83,58
6/5/2025,61,71,51
6/6/2025,65,76,54
6/7/2025,65,75,55
6/8/2025,63.5,75,52
6/9/2025,64,76,52
6/10/2025,58.5,64,53
6/11/2025,62.5,72,53
6/12/2025,72.5,85,60
6/13/2025,62,71,53
6/14/2025,59.5,67,52
6/15/2025,64,72,56
6/16/2025,67.5,75,60
6/17/2025,73.5,82,65
6/18/2025,76.5,88,65
6/19/2025,68.5,75,62
6/20/2025,71.5,81,62
6/21/2025,76,83,69
6/22/2025,85,92,78
6/23/2025,85,93,77
6/24/2025,81.5,93,70
6/25/2025,72.5,81,64
6/26/2025,70,76,64
6/27/2025,72,80,64
6/28/2025,72,83,61
6/29/2025,74.5,84,65
6/30/2025,79,91,67
7/1/2025,75,85,65
7/2/2025,73.5,83,64
7/3/2025,75,86,64
7/4/2025,78,88,68
7/5/2025,78,86,70
7/6/2025,80,89,71
7/7/2025,67.5,79,56
7/8/2025,70,80,60
7/9/2025,73.5,82,65
7/10/2025,68,78,58
7/11/2025,72,79,65
7/12/2025,72.5,79,66
7/13/2025,71.5,82,61
7/14/2025,69,78,60
7/15/2025,75,85,65
7/16/2025,78.5,88,69
7/17/2025,74,88,60
7/18/2025,58.5,66,51
7/19/2025,66,76,56
7/20/2025,74.5,84,65
7/21/2025,65,75,55
7/22/2025,69,78,60
7/23/2025,76,85,67
7/24/2025,79.5,91,68
7/25/2025,76,84,68
7/26/2025,74,82,66
7/27/2025,73.5,81,66
7/28/2025,80,89,71
7/29/2025,80,92,68
7/30/2025,79,87,71
7/31/2025,65.5,72,59
8/1/2025,65,74,56
8/2/2025,62,74,50
8/3/2025,65,78,52
8/4/2025,65,78,52
8/5/2025,67,78,56
8/6/2025,71,82,60
8/7/2025,74,85,63
8/8/2025,76,83,69
8/9/2025,80,91,69
8/10/2025,79,92,66
8/11/2025,72.5,78,67
8/12/2025,74,82,66
8/13/2025,73,82,64
8/14/2025,71,80,62
8/15/2025,73.5,82,65
8/16/2025,77.5,87,68
8/17/2025,76.5,85,68
8/18/2025,70,76,64
8/19/2025,72.5,79,66
8/20/2025,69.5,76,63
8/21/2025,68,75,61
8/22/2025,67,76,58
8/23/2025,70.5,80,61
8/24/2025,65.5,75,56
8/25/2025,61.5,72,51
8/26/2025,57,67,47
8/27/2025,59.5,71,48
8/28/2025,65.5,74,57
8/29/2025,60,72,48
8/30/2025,60,66,54
8/31/2025,58,70,46
9/1/2025,61,74,48
9/2/2025,63,76,50
9/3/2025,63.5,77,50
9/4/2025,55,68,42
9/5/2025,53.5,62,45
9/6/2025,54,62,46
9/7/2025,53.5,63,44
9/8/2025,52.5,64,41
9/9/2025,57.5,72,43
9/10/2025,63,75,51
9/11/2025,63,75,51
9/12/2025,62.5,69,56
9/13/2025,67.5,79,56
9/14/2025,69,77,61
9/15/2025,67.5,80,55
9/16/2025,67,80,54
9/17/2025,69,83,55
9/18/2025,69,83,55
9/19/2025,71.5,84,59
9/20/2025,71,78,64
9/21/2025,69,78,60
9/22/2025,68.5,78,59
9/23/2025,68.5,78,59
9/24/2025,63,69,57
9/25/2025,59.5,67,52
9/26/2025,63.5,73,54
9/27/2025,66.5,80,53
9/28/2025,67,83,51
9/29/2025,63,75,51
9/30/2025,69,85,53
10/1/2025,67.5,79,56
10/2/2025,64.5,74,55
10/3/2025,68,82,54
10/4/2025,71,86,56
10/5/2025,72.5,86,59
10/6/2025,72,81,63
10/7/2025,65.5,78,53
10/8/2025,54,66,42
10/9/2025,48.5,61,36
10/10/2025,50.5,64,37
10/11/2025,51.5,66,37
10/12/2025,49,61,37
10/13/2025,60,65,55
10/14/2025,53,60,46
10/15/2025,55.5,62,49
10/16/2025,53,57,49
10/17/2025,56.5,64,49
10/18/2025,65,73,57
10/19/2025,60.5,74,47
10/20/2025,46,57,35
10/21/2025,53.5,64,43
10/22/2025,46.5,51,42
10/23/2025,43,47,39
10/24/2025,38.5,49,28
10/25/2025,38.5,49,28
10/26/2025,39,50,28
10/27/2025,46.5,56,37
10/28/2025,44.5,54,35
10/29/2025,45.5,54,37
10/30/2025,43,54,32
10/31/2025,43.5,54,33
11/1/2025,44.5,51,38
11/2/2025,36.5,45,28
11/3/2025,39.5,51,28
11/4/2025,48,58,38
11/5/2025,48.5,57,40
11/6/2025,41,55,27
11/7/2025,41,53,29
11/8/2025,46.5,58,35
11/9/2025,34.5,40,29
11/10/2025,27,33,21
11/11/2025,27.5,33,22
11/12/2025,35,43,27
11/13/2025,42.5,52,33
11/14/2025,42.5,53,32
11/15/2025,49.5,67,32
11/16/2025,48.5,66,31
11/17/2025,36,45,27
11/18/2025,36.5,45,28
11/19/2025,32.5,38,27
11/20/2025,36,45,27
11/21/2025,39,46,32
11/22/2025,35,46,24
11/23/2025,35,46,24
11/24/2025,39.5,52,27
11/25/2025,43.5,51,36
11/26/2025,39.5,49,30
11/27/2025,28,31,25
11/28/2025,24,29,19
11/29/2025,24.5,30,19
11/30/2025,26.5,30,23
12/1/2025,19.5,30,9
12/2/2025,19.5,27,12
12/3/2025,20.5,25,16
12/4/2025,16,29,3
12/5/2025,11,19,3
12/6/2025,21,26,16
12/7/2025,22.5,26,19
12/8/2025,11,19,3
12/9/2025,19.5,26,13
12/10/2025,29.5,35,24
12/11/2025,20,28,12
12/12/2025,13.5,21,6
12/13/2025,13,25,1
12/14/2025,-1,5,-7
12/15/2025,0.5,8,-7
12/16/2025,12.5,18,7
12/17/2025,24,38,10
12/18/2025,36,42,30
12/19/2025,27.5,48,7
12/20/2025,19.5,32,7
12/21/2025,24.5,40,9
12/22/2025,21.5,34,9
12/23/2025,34.5,38,31
12/24/2025,36,45,27
12/25/2025,35.5,40,31
12/26/2025,35.5,38,33
12/27/2025,36.5,39,34
12/28/2025,36.5,39,34
12/29/2025,28.5,40,17
12/30/2025,16,23,9
12/31/2025,17.5,26,9
1/1/2026,19.5,33,6
1/2/2026,11,14,8
1/3/2026,13.5,18,9
1/4/2026,15.5,20,11
1/5/2026,20,30,10
1/6/2026,33.5,37,30
1/7/2026,35.5,39,32
1/8/2026,35,43,27
1/9/2026,47,58,36
1/10/2026,35,43,27
1/11/2026,25,33,17
1/12/2026,27.5,31,24
1/13/2026,35,44,26
1/14/2026,36.5,52,21
1/15/2026,16.5,22,11
1/16/2026,17.5,24,11
1/17/2026,22,34,10
1/18/2026,9.5,16,3
1/19/2026,5,13,-3
1/20/2026,-1,2,-4
1/21/2026,6.5,17,-4
1/22/2026,15.5,23,8
1/23/2026,0.5,18,-17
1/24/2026,-13,-9,-17
1/25/2026,-5,5,-15
1/26/2026,2.5,10,-5
1/27/2026,3,11,-5
1/28/2026,5,11,-1
1/29/2026,4,12,-4
1/30/2026,4,12,-4
1/31/2026,12.5,17,8
2/1/2026,9.5,23,-4
2/2/2026,16,30,2
2/3/2026,17.5,27,8
2/4/2026,12,24,0
2/5/2026,16,25,7
2/6/2026,25,31,19
2/7/2026,20,35,5
2/8/2026,15.5,23,8
2/9/2026,24.5,29,20
2/10/2026,29,36,22
2/11/2026,30.5,39,22
2/12/2026,24.5,35,14
2/13/2026,25.5,34,17
2/14/2026,36,49,23
2/15/2026,38,54,22
2/16/2026,41,55,27
2/17/2026,48,61,35
2/18/2026,42.5,50,35
2/19/2026,43.5,58,29
2/20/2026,41,53,29
2/21/2026,29,35,23
2/22/2026,22.5,26,19
2/23/2026,20,24,16
2/24/2026,21,26,16
2/25/2026,27,34,20
2/26/2026,19,27,11
2/27/2026,27.5,41,14
2/28/2026,43,59,27
3/1/2026,19.5,29,10
3/2/2026,22,30,14
3/3/2026,30,40,20
3/4/2026,31.5,42,21
3/5/2026,35.5,48,23
3/6/2026,39,41,37
3/7/2026,49.5,60,39
3/8/2026,45,60,30
3/9/2026,46.5,60,33
3/10/2026,55.5,72,39
3/11/2026,38.5,44,33
3/12/2026,31.5,35,28
3/13/2026,37,44,30
3/14/2026,30.5,40,21
3/15/2026,28.5,36,21
3/16/2026,27,35,19
3/17/2026,16,24,8
3/18/2026,15,22,8
3/19/2026,29.5,37,22
3/20/2026,44,54,34
3/21/2026,46,60,32
3/22/2026,53.5,73,34
3/23/2026,33,41,25
3/24/2026,33,41,25
3/25/2026,40.5,51,30
3/26/2026,55.5,70,41
3/27/2026,43,59,27
3/28/2026,30,41,19
3/29/2026,32,45,19
3/30/2026,49.5,62,37
3/31/2026,62.5,78,47
4/1/2026,50,69,31
4/2/2026,33,35,31
4/3/2026,48,64,32
4/4/2026,40,47,33
4/5/2026,39.5,47,32
4/6/2026,42,51,33
4/7/2026,33.5,46,21
4/8/2026,29.5,36,23
4/9/2026,51.5,69,34
4/10/2026,52,65,39
4/11/2026,39.5,50,29
4/12/2026,41.5,54,29
4/13/2026,63.5,74,53
4/14/2026,66,76,56
4/15/2026,67.5,79,56
4/16/2026,62.5,68,57
4/17/2026,57,67,47
4/18/2026,60,78,42
4/19/2026,39.5,45,34
4/20/2026,38.5,47,30
4/21/2026,44,55,33
4/22/2026,60,74,46
4/23/2026,56.5,66,47
4/24/2026,66.5,80,53
4/25/2026,55.5,68,43
4/26/2026,51,61,41
4/27/2026,49,57,41
4/28/2026,56.5,64,49
4/29/2026,53,63,43
4/30/2026,38,45,31
5/1/2026,42.5,50,35
5/2/2026,35.5,44,27
5/3/2026,45.5,56,35
5/4/2026,54,67,41
5/5/2026,60.5,78,43
5/6/2026,44,56,32
5/7/2026,42,52,32
5/8/2026,42.5,55,30
5/9/2026,53,67,39
5/10/2026,50.5,68,33
5/11/2026,48,60,36
5/12/2026,42.5,51,34
5/13/2026,59,73,45
5/14/2026,52.5,60,45
5/15/2026,56,67,45
5/16/2026,66.5,78,55
5/17/2026,69,83,55
5/18/2026,60.5,71,50
5/19/2026,74,82,66
5/20/2026,60.5,75,46
5/21/2026,49,57,41
5/22/2026,49.5,55,44
5/23/2026,55,63,47
5/24/2026,61.5,71,52
5/25/2026,65.5,77,54
5/26/2026,72.5,84,61
5/27/2026,72.5,88,57
5/28/2026,68,84,52
5/29/2026,56,69,43
5/30/2026,66.5,82,51
5/31/2026,55.5,64,47
6/1/2026,60,72,48
6/2/2026,59.5,74,45
6/3/2026,58.5,73,44
6/4/2026,66.5,83,50
6/5/2026,74,87,61
6/6/2026,68,76,60
6/7/2026,70.5,84,57
6/8/2026,70,79,61
6/9/2026,71.5,79,64
6/10/2026,73.5,83,64
6/11/2026,78,89,67
6/12/2026,68,79,57
6/13/2026,69.5,79,60
6/14/2026,71.5,82,61
6/15/2026,58.5,66,51
6/16/2026,66.5,76,57
6/17/2026,64,75,53
6/18/2026,59,64,54
6/19/2026,62.5,71,54
6/20/2026,65.5,74,57
6/21/2026,63.5,74,53
6/22/2026,61.5,70,53
6/23/2026,60.5,72,49
6/24/2026,63.5,73,54
6/25/2026,64,72,56
6/26/2026,64,76,52
6/27/2026,61,69,53
6/28/2026,63.5,74,53
6/29/2026,72,80,64
6/30/2026,84,92,76
7/1/2026,85,92,78
7/2/2026,80,93,67
7/3/2026,79.5,91,68
7/4/2026,77,85,69
7/5/2026,71.5,80,63
7/6/2026,70,80,60
7/7/2026,68.5,81,56
7/8/2026,76.5,87,66
7/9/2026,79.5,89,70
7/10/2026,73,83,63
