DATE,Brookfield_SNOW,Brookfield_TMAX,Brookfield_TMIN,Brookfield_PRCP,Brookfield_SNWD,Waukesha_SNOW,Waukesha_TMAX,Waukesha_TMIN,Waukesha_PRCP,Waukesha_SNWD,Mitchell_TMAX,Mitchell_TMIN,Milwaukee - Thunder,Milwaukee - Ice Pellets / Sleet,Milwaukee - Hail,Milwaukee - Glaze or Rime,Milwaukee - Blowing or Drifting Snow,Meteo_TMAX,Meteo_TMIN,Rel Humidity Max,Rel Humidity Mean,Dew Point Mean,Wind Speed Max,Wind Gusts Max,Wind Direction,precipitation_hours,rain_sum,showers_sum,snowfall_sum,Best_TMAX,TMAX_Source,TMAX_Reason,TMAX_Confidence,TMAX_Flag,Best_TMIN,TMIN_Source,TMIN_Reason,TMIN_Confidence,TMIN_Flag
2025-10-13,0.0,65,55,0.0,0.0,0.0,66.0,53.0,0.0,0.0,62,55,0,0,0,0,0,61.3553,56.2253,99.0,83.083336,53.266636,10.853866,28.44,137.96614,0.0,0.0,0.0,0.0,65.0,NOAA + Open-Meteo,"Brookfield, Waukesha, and Open-Meteo agree",98,False,55.0,NOAA + Open-Meteo,"Brookfield, Waukesha, and Open-Meteo agree",98,False
2025-10-14,0.0,60,46,0.2,0.0,0.0,62.0,46.0,0.13,0.0,64,51,0,0,0,0,0,62.7053,48.3053,96.0,82.0,50.143677,19.228851,33.839996,23.498573,0.0,0.0,0.0,0.0,62.0,NOAA + Open-Meteo,"Brookfield, Waukesha, and Open-Meteo agree",98,False,46.0,NOAA + Open-Meteo,"Brookfield, Waukesha, and Open-Meteo agree",98,False
2025-10-15,0.0,62,49,0.24,0.0,0.0,62.0,49.0,0.18,0.0,59,52,0,0,0,0,0,58.2053,51.005302,99.0,85.625,49.594967,16.135872,37.44,52.659054,1.0,1.4,0.0,0.0,62.0,NOAA + Open-Meteo,"Brookfield, Waukesha, and Open-Meteo agree",98,False,49.0,NOAA + Open-Meteo,"Brookfield, Waukesha, and Open-Meteo agree",98,False
2025-10-16,0.0,57,49,0.0,0.0,0.0,57.0,50.0,0.0,0.0,63,51,0,0,0,0,0,63.7853,50.2853,89.0,76.833336,48.645164,14.291592,22.319998,93.03041,0.0,0.0,0.0,0.0,57.0,NOAA consensus,Brookfield and Waukesha agree; Open-Meteo differs by 6.8°F,85,False,50.0,NOAA + Open-Meteo,"Brookfield, Waukesha, and Open-Meteo agree",98,False
2025-10-17,0.0,64,49,0.0,0.0,0.0,63.0,50.0,0.0,0.0,73,57,0,0,0,0,0,73.0553,55.235302,77.0,67.583336,51.051937,21.829777,46.079998,178.34529,0.0,0.0,0.0,0.0,63.5,NOAA consensus,Brookfield and Waukesha agree; Open-Meteo differs by 9.6°F,85,False,49.5,NOAA consensus,Brookfield and Waukesha agree; Open-Meteo differs by 5.7°F,85,False
2025-10-18,0.0,73,57,0.09,0.0,0.0,72.0,56.0,0.1,0.0,75,57,1,0,0,0,0,73.6853,61.625298,94.0,72.666664,57.027264,18.888851,50.76,206.15108,2.0,1.5,0.0,0.0,73.0,NOAA + Open-Meteo,"Brookfield, Waukesha, and Open-Meteo agree",98,False,56.5,NOAA consensus,Brookfield and Waukesha agree; Open-Meteo differs by 5.1°F,85,False
2025-10-19,0.0,74,47,1.51,0.0,0.0,74.0,45.0,1.11,0.0,58,46,0,0,0,0,0,65.585304,47.0453,95.0,76.125,46.59254,28.775238,62.639996,298.93414,8.0,10.499999,0.0,0.0,74.0,NOAA consensus,Brookfield and Waukesha agree; Open-Meteo differs by 8.4°F,85,False,47.0,NOAA + Open-Meteo,"Brookfield, Waukesha, and Open-Meteo agree",98,False
2025-10-20,0.0,57,35,0.05,0.0,0.0,56.0,34.0,0.02,0.0,64,40,0,0,0,0,0,63.7853,37.9553,83.0,59.666668,34.8867,23.47741,45.36,193.79784,0.0,0.0,0.0,0.0,56.5,NOAA consensus,Brookfield and Waukesha agree; Open-Meteo differs by 7.3°F,85,False,35.0,NOAA + Open-Meteo,"Brookfield, Waukesha, and Open-Meteo agree",98,False
2025-10-21,0.0,64,43,0.0,0.0,0.0,63.0,34.0,0.06,0.0,53,44,0,0,0,0,0,58.835304,43.8953,88.0,73.458336,40.703438,27.691935,54.36,236.15987,3.0,5.3999996,0.0,0.0,63.0,NOAA + Open-Meteo,"Brookfield, Waukesha, and Open-Meteo agree",98,False,43.44765090942383,Brookfield + Open-Meteo,Brookfield matches Open-Meteo; Waukesha is the likely outlier,75,True
2025-10-22,0.0,51,42,0.16,0.0,0.0,50.0,41.0,0.13,0.0,50,43,0,0,0,0,0,46.7753,43.5353,87.0,81.958336,39.676632,27.553526,59.039997,275.47476,0.0,0.0,0.0,0.0,50.0,NOAA + Open-Meteo,"Brookfield, Waukesha, and Open-Meteo agree",98,False,42.0,NOAA + Open-Meteo,"Brookfield, Waukesha, and Open-Meteo agree",98,False
2025-10-23,0.0,47,39,0.01,0.0,0.0,46.0,37.0,0.01,0.0,51,40,0,0,0,0,0,48.3053,39.1253,88.0,75.333336,35.448555,21.9718,45.719997,290.73566,0.0,0.0,0.0,0.0,47.0,NOAA + Open-Meteo,"Brookfield, Waukesha, and Open-Meteo agree",98,False,39.0,NOAA + Open-Meteo,"Brookfield, Waukesha, and Open-Meteo agree",98,False
2025-10-24,0.0,49,28,0.0,0.0,0.0,50.0,28.0,0.0,0.0,51,34,0,0,0,0,0,50.8253,32.1053,88.0,70.833336,31.665127,12.538134,33.12,285.25516,0.0,0.0,0.0,0.0,50.0,NOAA + Open-Meteo,"Brookfield, Waukesha, and Open-Meteo agree",98,False,28.0,NOAA + Open-Meteo,"Brookfield, Waukesha, and Open-Meteo agree",98,False
2025-10-25,0.0,49,28,0.0,0.0,0.0,51.0,28.0,0.0,0.0,50,32,0,0,0,0,0,50.4653,31.0253,92.0,77.625,33.17688,9.339208,21.96,152.41194,0.0,0.0,0.0,0.0,50.465301513671875,NOAA + Open-Meteo,"Brookfield, Waukesha, and Open-Meteo agree",98,False,28.0,NOAA + Open-Meteo,"Brookfield, Waukesha, and Open-Meteo agree",98,False
2025-10-26,0.0,50,28,0.0,0.0,0.0,47.0,35.0,0.01,0.0,56,38,0,0,0,0,0,56.6753,34.8053,95.0,76.833336,37.559677,18.94024,26.64,94.94584,0.0,0.0,0.0,0.0,48.5,NOAA consensus,Brookfield and Waukesha agree; Open-Meteo differs by 8.2°F,85,False,34.90265083312988,Waukesha + Open-Meteo,Waukesha matches Open-Meteo; Brookfield is the likely outlier,75,True
2025-10-27,0.0,56,37,0.0,0.0,0.0,55.0,38.0,0.0,0.0,55,47,0,0,0,0,0,53.9753,42.5453,85.0,72.041664,38.771126,21.288757,30.960001,91.4869,0.0,0.0,0.0,0.0,55.0,NOAA + Open-Meteo,"Brookfield, Waukesha, and Open-Meteo agree",98,False,37.5,NOAA consensus,Brookfield and Waukesha agree; Open-Meteo differs by 5.0°F,85,False
2025-10-28,0.0,54,35,0.0,0.0,0.0,53.0,38.0,0.0,0.0,56,48,0,0,0,0,0,54.5153,43.0853,86.0,70.75,39.331436,24.967499,37.44,89.41865,0.0,0.0,0.0,0.0,54.0,NOAA + Open-Meteo,"Brookfield, Waukesha, and Open-Meteo agree",98,False,36.5,NOAA consensus,Brookfield and Waukesha agree; Open-Meteo differs by 6.6°F,85,False
2025-10-29,0.0,54,37,0.0,0.0,0.0,54.0,40.0,0.0,0.0,54,43,0,0,0,0,0,54.3353,46.055298,88.0,69.791664,39.99011,25.1614,47.88,55.268814,0.0,0.0,0.0,0.0,54.0,NOAA + Open-Meteo,"Brookfield, Waukesha, and Open-Meteo agree",98,False,38.5,NOAA consensus,Brookfield and Waukesha agree; Open-Meteo differs by 7.6°F,85,False
2025-10-30,0.0,54,32,0.0,0.0,0.0,54.0,34.0,0.0,0.0,55,39,0,0,0,0,0,54.9653,36.4253,95.0,77.833336,37.524845,17.873556,26.64,348.56024,0.0,0.0,0.0,0.0,54.0,NOAA + Open-Meteo,"Brookfield, Waukesha, and Open-Meteo agree",98,False,34.0,NOAA + Open-Meteo,"Brookfield, Waukesha, and Open-Meteo agree",98,False
2025-10-31,0.0,54,33,0.0,0.0,0.0,54.0,36.0,0.0,0.0,53,41,0,0,0,0,0,50.6453,38.4953,90.0,74.583336,35.763046,16.299694,29.88,277.223,0.0,0.0,0.0,0.0,54.0,NOAA + Open-Meteo,"Brookfield, Waukesha, and Open-Meteo agree",98,False,36.0,NOAA + Open-Meteo,"Brookfield, Waukesha, and Open-Meteo agree",98,False
2025-11-01,0.0,51,38,0.0,0.0,0.0,50.0,37.0,0.0,0.0,47,37,0,0,0,0,0,45.875298,39.4853,91.0,82.583336,37.59261,11.384199,25.199999,281.46213,0.0,0.0,0.0,0.0,50.0,NOAA + Open-Meteo,"Brookfield, Waukesha, and Open-Meteo agree",98,False,38.0,NOAA + Open-Meteo,"Brookfield, Waukesha, and Open-Meteo agree",98,False
2025-11-02,0.0,45,28,0.19,0.0,0.0,43.0,29.0,0.13,0.0,52,34,0,0,0,0,0,50.0153,31.2953,92.0,78.291664,33.64672,21.413193,47.16,216.0392,0.0,0.0,0.0,0.0,44.0,NOAA consensus,Brookfield and Waukesha agree; Open-Meteo differs by 6.0°F,85,False,29.0,NOAA + Open-Meteo,"Brookfield, Waukesha, and Open-Meteo agree",98,False
2025-11-03,0.0,51,28,0.05,0.0,0.0,49.0,40.0,0.0,0.0,59,44,0,0,0,0,0,58.6553,41.2853,80.0,57.375,32.152237,29.522196,61.199997,245.78908,0.0,0.0,0.0,0.0,50.0,NOAA consensus,Brookfield and Waukesha agree; Open-Meteo differs by 8.7°F,85,False,40.64265060424805,Waukesha + Open-Meteo,Waukesha matches Open-Meteo; Brookfield is the likely outlier,75,True
2025-11-04,0.0,58,38,0.0,0.0,0.0,57.0,30.0,0.0,0.0,58,41,0,0,0,0,0,57.0353,37.5953,62.0,49.708332,27.617054,15.379206,29.88,227.75911,0.0,0.0,0.0,0.0,57.035301208496094,NOAA + Open-Meteo,"Brookfield, Waukesha, and Open-Meteo agree",98,False,37.79764938354492,Brookfield + Open-Meteo,Brookfield matches Open-Meteo; Waukesha is the likely outlier,75,True
2025-11-05,0.0,57,40,0.0,0.0,0.0,56.0,38.0,0.0,0.0,57,42,0,0,0,0,0,55.685303,46.9553,86.0,61.666668,38.15903,30.886656,49.32,273.93222,0.0,0.0,0.0,0.0,56.0,NOAA + Open-Meteo,"Brookfield, Waukesha, and Open-Meteo agree",98,False,39.0,NOAA consensus,Brookfield and Waukesha agree; Open-Meteo differs by 8.0°F,85,False
2025-11-06,0.0,55,27,0.0,0.0,0.0,56.0,26.0,0.0,0.0,55,30,1,0,0,0,0,54.1553,28.5053,80.0,57.125,26.872864,15.84,31.319998,207.16884,0.0,0.0,0.0,0.0,55.0,NOAA + Open-Meteo,"Brookfield, Waukesha, and Open-Meteo agree",98,False,27.0,NOAA + Open-Meteo,"Brookfield, Waukesha, and Open-Meteo agree",98,False
2025-11-07,0.0,53,29,0.13,0.0,0.0,53.0,29.0,0.15,0.0,60,45,0,0,0,0,0,57.3053,46.685303,83.0,63.708332,38.236794,24.57511,66.6,232.86244,1.0,0.4,0.0,0.0,53.0,NOAA + Open-Meteo,"Brookfield, Waukesha, and Open-Meteo agree",98,False,29.0,NOAA consensus,Brookfield and Waukesha agree; Open-Meteo differs by 17.7°F,93,True
2025-11-08,0.0,58,35,0.0,0.0,0.0,58.0,35.0,0.0,0.0,45,33,0,0,0,0,0,51.005302,36.5153,79.0,67.583336,30.982918,19.483284,38.16,20.174416,1.0,0.4,0.0,0.0,58.0,NOAA consensus,Brookfield and Waukesha agree; Open-Meteo differs by 7.0°F,85,False,35.0,NOAA + Open-Meteo,"Brookfield, Waukesha, and Open-Meteo agree",98,False
2025-11-09,0.0,40,29,0.0,0.0,0.0,40.0,29.0,0.02,0.0,34,28,0,0,0,0,0,38.8553,29.7653,89.0,67.75,22.510769,29.379175,48.239998,341.25555,1.0,0.099999994,0.0,0.21000001,40.0,NOAA + Open-Meteo,"Brookfield, Waukesha, and Open-Meteo agree",98,False,29.0,NOAA + Open-Meteo,"Brookfield, Waukesha, and Open-Meteo agree",98,False
2025-11-10,0.0,33,21,0.0,0.0,0.0,33.0,21.0,0.0,0.0,35,25,0,0,0,0,0,33.7253,24.185299,71.0,60.958332,16.565952,25.944988,52.199997,323.11285,0.0,0.0,0.0,0.0,33.0,NOAA + Open-Meteo,"Brookfield, Waukesha, and Open-Meteo agree",98,False,21.0,NOAA + Open-Meteo,"Brookfield, Waukesha, and Open-Meteo agree",98,False
2025-11-11,0.0,33,22,0.0,0.0,0.0,33.0,22.0,0.0,0.0,42,25,0,0,0,0,0,39.0353,24.0953,75.0,64.166664,19.749857,28.62396,54.36,228.65935,0.0,0.0,0.0,0.0,33.0,NOAA consensus,Brookfield and Waukesha agree; Open-Meteo differs by 6.0°F,85,False,22.0,NOAA + Open-Meteo,"Brookfield, Waukesha, and Open-Meteo agree",98,False
2025-11-12,0.0,43,27,0.0,0.0,0.0,40.0,26.0,0.0,0.0,53,39,0,0,0,0,0,51.8153,36.3353,75.0,59.125,28.715784,28.162956,54.36,260.92978,0.0,0.0,0.0,0.0,41.5,NOAA consensus,Brookfield and Waukesha agree; Open-Meteo differs by 10.3°F,85,False,26.5,NOAA consensus,Brookfield and Waukesha agree; Open-Meteo differs by 9.8°F,85,False
2025-11-13,0.0,52,33,0.0,0.0,0.0,52.0,33.0,0.0,0.0,55,38,0,0,0,0,0,52.1753,32.4653,74.0,56.541668,27.07567,14.264361,33.839996,267.36664,0.0,0.0,0.0,0.0,52.0,NOAA + Open-Meteo,"Brookfield, Waukesha, and Open-Meteo agree",98,False,33.0,NOAA + Open-Meteo,"Brookfield, Waukesha, and Open-Meteo agree",98,False
2025-11-14,0.0,53,32,0.0,0.0,0.0,53.0,29.0,0.0,0.0,66,37,0,0,0,0,0,64.9553,35.9753,75.0,57.875,33.37315,8.766573,26.64,192.56854,0.0,0.0,0.0,0.0,53.0,NOAA consensus,Brookfield and Waukesha agree; Open-Meteo differs by 12.0°F,85,False,30.5,NOAA consensus,Brookfield and Waukesha agree; Open-Meteo differs by 5.5°F,85,False
2025-11-15,0.0,67,32,0.0,0.0,0.0,66.0,32.0,0.0,0.0,69,46,0,0,0,0,0,66.8453,51.7253,83.0,69.791664,48.87694,30.75209,49.68,246.13878,0.0,0.0,0.0,0.0,66.84529876708984,NOAA + Open-Meteo,"Brookfield, Waukesha, and Open-Meteo agree",98,False,32.0,NOAA consensus,Brookfield and Waukesha agree; Open-Meteo differs by 19.7°F,93,True
2025-11-16,0.0,66,31,0.0,0.0,0.0,67.0,32.0,0.0,0.0,46,35,0,0,0,0,0,53.7053,32.9153,56.0,44.125,21.358555,25.171696,63.0,297.3293,0.0,0.0,0.0,0.0,66.5,NOAA consensus,Brookfield and Waukesha agree; Open-Meteo differs by 12.8°F,85,False,32.0,NOAA + Open-Meteo,"Brookfield, Waukesha, and Open-Meteo agree",98,False
2025-11-17,0.0,45,27,0.0,0.0,0.0,45.0,26.0,0.0,0.0,44,31,0,0,0,0,0,44.075302,26.9753,63.0,50.166668,18.326103,10.383987,25.56,289.23367,0.0,0.0,0.0,0.0,45.0,NOAA + Open-Meteo,"Brookfield, Waukesha, and Open-Meteo agree",98,False,26.975299835205078,NOAA + Open-Meteo,"Brookfield, Waukesha, and Open-Meteo agree",98,False
2025-11-18,0.0,45,28,0.26,0.0,0.0,45.0,29.0,0.24,0.0,41,37,0,0,0,0,0,40.9253,35.8853,98.0,79.791664,32.25202,22.38378,39.96,76.40905,2.0,1.8,0.0,0.0,45.0,NOAA + Open-Meteo,"Brookfield, Waukesha, and Open-Meteo agree",98,False,28.5,NOAA consensus,Brookfield and Waukesha agree; Open-Meteo differs by 7.4°F,85,False
2025-11-19,0.0,38,27,0.26,0.0,0.0,38.0,27.0,0.22,0.0,44,32,0,0,0,0,0,42.9953,29.9453,96.0,86.666664,32.197475,13.441071,25.56,42.093353,0.0,0.0,0.0,0.0,38.0,NOAA + Open-Meteo,"Brookfield, Waukesha, and Open-Meteo agree",98,False,27.0,NOAA + Open-Meteo,"Brookfield, Waukesha, and Open-Meteo agree",98,False
2025-11-20,0.0,45,27,0.0,0.0,0.0,44.0,27.0,0.0,0.0,47,42,0,0,0,0,0,45.1553,39.0353,97.0,89.041664,38.894886,15.408671,32.760002,202.65407,0.0,0.0,0.0,0.0,45.0,NOAA + Open-Meteo,"Brookfield, Waukesha, and Open-Meteo agree",98,False,27.0,NOAA consensus,Brookfield and Waukesha agree; Open-Meteo differs by 12.0°F,85,False
2025-11-21,0.0,46,32,0.0,0.0,0.0,45.0,31.0,0.0,0.0,47,33,0,0,0,0,0,46.3253,34.7153,92.0,79.75,35.951424,16.45007,34.56,273.38007,0.0,0.0,0.0,0.0,46.0,NOAA + Open-Meteo,"Brookfield, Waukesha, and Open-Meteo agree",98,False,32.0,NOAA + Open-Meteo,"Brookfield, Waukesha, and Open-Meteo agree",98,False
2025-11-22,0.0,46,24,0.0,0.0,0.0,45.0,22.0,0.0,0.0,47,29,0,0,0,0,0,45.0653,24.7253,94.0,77.041664,28.04814,19.513195,46.8,231.41458,0.0,0.0,0.0,0.0,45.06529998779297,NOAA + Open-Meteo,"Brookfield, Waukesha, and Open-Meteo agree",98,False,24.0,NOAA + Open-Meteo,"Brookfield, Waukesha, and Open-Meteo agree",98,False
2025-11-23,0.0,46,24,0.0,0.0,0.0,44.0,30.0,0.0,0.0,53,30,0,0,0,0,0,52.0853,36.4253,83.0,69.125,31.912756,18.947083,50.399998,259.5737,0.0,0.0,0.0,0.0,45.0,NOAA consensus,Brookfield and Waukesha agree; Open-Meteo differs by 7.1°F,85,False,30.0,Waukesha + Mitchell,Waukesha agrees with Mitchell,82,True
2025-11-24,0.0,52,27,0.0,0.0,0.0,52.0,25.0,0.0,0.0,52,30,0,0,0,0,0,49.5653,30.3053,82.0,68.166664,29.673897,20.696085,47.519997,190.31248,0.0,0.0,0.0,0.0,52.0,NOAA + Open-Meteo,"Brookfield, Waukesha, and Open-Meteo agree",98,False,27.0,NOAA + Open-Meteo,"Brookfield, Waukesha, and Open-Meteo agree",98,False
2025-11-25,0.0,51,36,0.03,0.0,0.0,50.0,32.0,0.04,0.0,50,41,0,0,0,0,0,49.7453,44.3453,98.0,93.0,44.506065,13.722565,33.839996,202.63492,0.0,0.0,0.0,0.0,50.0,NOAA + Open-Meteo,"Brookfield, Waukesha, and Open-Meteo agree",98,False,34.0,NOAA consensus,Brookfield and Waukesha agree; Open-Meteo differs by 10.3°F,85,False
2025-11-26,0.0,49,30,0.05,0.0,0.0,49.0,31.0,0.02,0.0,41,29,0,0,0,0,0,48.5753,28.9553,94.0,84.125,31.952581,42.63227,74.520004,247.30203,4.0,0.70000005,0.0,0.63,49.0,NOAA + Open-Meteo,"Brookfield, Waukesha, and Open-Meteo agree",98,False,30.0,NOAA + Open-Meteo,"Brookfield, Waukesha, and Open-Meteo agree",98,False
2025-11-27,0.1,31,25,0.02,0.0,0.0,31.0,25.0,0.0,0.0,30,25,0,0,0,0,0,29.9453,26.0753,71.0,66.125,18.012999,38.886665,68.4,284.23734,0.0,0.0,0.0,0.0,31.0,NOAA + Open-Meteo,"Brookfield, Waukesha, and Open-Meteo agree",98,False,25.0,NOAA + Open-Meteo,"Brookfield, Waukesha, and Open-Meteo agree",98,False
2025-11-28,0.0,29,19,0.0,0.0,0.0,28.0,18.0,0.0,0.0,31,22,0,0,0,0,0,29.4953,19.9553,80.0,69.208336,15.9793625,22.963936,50.399998,285.3228,0.0,0.0,0.0,0.0,29.0,NOAA + Open-Meteo,"Brookfield, Waukesha, and Open-Meteo agree",98,False,19.0,NOAA + Open-Meteo,"Brookfield, Waukesha, and Open-Meteo agree",98,False
2025-11-29,0.1,30,19,0.01,0.0,0.0,29.0,18.0,0.0,0.0,33,25,0,0,0,0,0,30.7553,22.8353,96.0,80.291664,20.205828,20.304129,45.719997,128.26804,9.0,1.8999999,0.0,3.5,30.0,NOAA + Open-Meteo,"Brookfield, Waukesha, and Open-Meteo agree",98,False,19.0,NOAA + Open-Meteo,"Brookfield, Waukesha, and Open-Meteo agree",98,False
2025-11-30,10.0,30,23,0.75,10.0,9.5,29.0,23.0,0.66,9.0,32,18,0,0,0,0,0,31.5653,27.1553,99.0,87.166664,26.397152,25.476198,52.56,320.7273,13.0,3.8,0.0,6.859999,30.0,NOAA + Open-Meteo,"Brookfield, Waukesha, and Open-Meteo agree",98,False,23.0,NOAA + Open-Meteo,"Brookfield, Waukesha, and Open-Meteo agree",98,False
2025-12-01,0.0,30,9,0.0,8.0,0.0,29.0,6.0,0.0,8.0,28,15,0,0,0,0,0,27.6053,12.6653,87.0,76.875,14.933971,9.779817,24.84,247.08304,0.0,0.0,0.0,0.0,29.0,NOAA + Open-Meteo,"Brookfield, Waukesha, and Open-Meteo agree",98,False,7.5,NOAA consensus,Brookfield and Waukesha agree; Open-Meteo differs by 5.2°F,85,False
2025-12-02,0.5,27,12,0.08,7.0,0.5,25.0,10.0,0.01,8.0,25,17,0,0,0,0,0,25.0853,15.365299,92.0,84.5,17.015377,20.94507,33.48,248.27577,0.0,0.0,0.0,0.0,25.08530044555664,NOAA + Open-Meteo,"Brookfield, Waukesha, and Open-Meteo agree",98,False,12.0,NOAA + Open-Meteo,"Brookfield, Waukesha, and Open-Meteo agree",98,False
2025-12-03,0.0,25,16,0.0,5.0,0.0,25.0,14.0,0.0,7.0,31,14,0,0,0,0,0,29.9453,16.535301,91.0,82.375,19.844875,24.798225,58.32,237.57242,0.0,0.0,0.0,0.0,25.0,NOAA + Open-Meteo,"Brookfield, Waukesha, and Open-Meteo agree",98,False,16.0,NOAA + Open-Meteo,"Brookfield, Waukesha, and Open-Meteo agree",98,False
2025-12-04,0.0,29,3,0.0,5.0,0.0,28.0,2.0,0.0,6.0,18,6,0,0,0,0,0,20.4053,4.3853035,70.0,59.708332,0.5007992,23.469128,48.6,305.20966,0.0,0.0,0.0,0.0,28.5,NOAA consensus,Brookfield and Waukesha agree; Open-Meteo differs by 8.1°F,85,False,3.0,NOAA + Open-Meteo,"Brookfield, Waukesha, and Open-Meteo agree",98,False
2025-12-05,0.0,19,3,0.0,4.0,0.0,18.0,2.0,0.0,6.0,28,8,0,0,0,0,0,26.2553,6.8153,65.0,55.291668,3.4150429,26.31942,60.839996,214.43666,0.0,0.0,0.0,0.0,18.5,NOAA consensus,Brookfield and Waukesha agree; Open-Meteo differs by 7.8°F,85,False,3.0,NOAA + Open-Meteo,"Brookfield, Waukesha, and Open-Meteo agree",98,False
2025-12-06,0.1,26,16,0.02,5.0,0.0,26.0,16.0,0.01,6.0,29,25,0,0,0,0,0,28.4153,22.2953,85.0,69.291664,17.102478,21.2522,56.88,272.04245,0.0,0.0,0.0,0.0,26.0,NOAA + Open-Meteo,"Brookfield, Waukesha, and Open-Meteo agree",98,False,16.0,NOAA consensus,Brookfield and Waukesha agree; Open-Meteo differs by 6.3°F,85,False
2025-12-07,2.3,26,19,0.15,7.0,2.7,26.0,18.0,0.17,8.0,25,13,0,0,0,0,0,25.8953,12.7553005,93.0,73.958336,13.492931,19.008547,31.319998,348.75214,7.0,1.0999999,0.0,2.03,26.0,NOAA + Open-Meteo,"Brookfield, Waukesha, and Open-Meteo agree",98,False,18.5,NOAA consensus,Brookfield and Waukesha agree; Open-Meteo differs by 5.7°F,85,False
2025-12-08,0.0,19,3,0.0,6.0,0.0,24.0,4.0,0.0,7.0,27,13,0,0,0,0,0,26.2553,7.1752987,79.0,65.166664,5.525196,14.561099,26.28,250.16246,0.0,0.0,0.0,0.0,24.0,NOAA + Open-Meteo,"Brookfield, Waukesha, and Open-Meteo agree",98,False,4.0,NOAA + Open-Meteo,"Brookfield, Waukesha, and Open-Meteo agree",98,False
2025-12-09,0.6,26,13,0.04,5.0,0.6,25.0,18.0,0.02,7.0,34,21,0,0,0,0,0,28.5053,20.2253,91.0,80.166664,19.216072,22.89611,59.399998,210.6429,2.0,0.19999999,0.0,0.42000002,26.0,NOAA + Open-Meteo,"Brookfield, Waukesha, and Open-Meteo agree",98,False,18.0,NOAA + Open-Meteo,"Brookfield, Waukesha, and Open-Meteo agree",98,False
2025-12-10,1.5,35,24,0.41,5.0,1.6,34.0,24.0,0.35,9.0,37,22,0,0,0,0,0,34.6253,24.0953,96.0,85.791664,26.065868,29.59235,59.76,318.87064,7.0,3.1,0.0,3.71,34.625301361083984,NOAA + Open-Meteo,"Brookfield, Waukesha, and Open-Meteo agree",98,False,24.0,NOAA + Open-Meteo,"Brookfield, Waukesha, and Open-Meteo agree",98,False
2025-12-11,0.5,28,12,0.01,4.0,0.0,28.0,10.0,0.0,8.0,23,15,0,0,0,0,0,23.015299,12.935301,83.0,68.083336,10.088871,16.981165,34.92,283.39667,0.0,0.0,0.0,0.0,28.0,NOAA + Open-Meteo,"Brookfield, Waukesha, and Open-Meteo agree",98,False,12.0,NOAA + Open-Meteo,"Brookfield, Waukesha, and Open-Meteo agree",98,False
2025-12-12,0.0,21,6,0.0,4.0,0.0,20.0,5.0,0.0,7.0,27,13,0,0,0,0,0,25.5353,7.7152996,87.0,63.625,6.5332527,17.727943,40.32,250.43214,0.0,0.0,0.0,0.0,20.5,NOAA consensus,Brookfield and Waukesha agree; Open-Meteo differs by 5.0°F,85,False,6.0,NOAA + Open-Meteo,"Brookfield, Waukesha, and Open-Meteo agree",98,False
2025-12-13,0.0,25,1,0.0,4.0,0.0,23.0,2.0,0.0,6.0,24,-1,0,0,0,0,0,25.5353,2.855301,86.0,67.708336,2.840042,31.104082,55.44,279.24057,0.0,0.0,0.0,0.0,25.0,NOAA + Open-Meteo,"Brookfield, Waukesha, and Open-Meteo agree",98,False,2.0,NOAA + Open-Meteo,"Brookfield, Waukesha, and Open-Meteo agree",98,False
2025-12-14,0.0,5,-7,0.0,4.0,0.0,4.0,-8.0,0.0,6.0,9,-5,0,0,0,0,0,4.9252987,-5.2446976,78.0,65.416664,-8.601879,25.264202,54.719997,289.23074,0.0,0.0,0.0,0.0,4.925298690795898,NOAA + Open-Meteo,"Brookfield, Waukesha, and Open-Meteo agree",98,False,-7.0,NOAA + Open-Meteo,"Brookfield, Waukesha, and Open-Meteo agree",98,False
2025-12-15,0.0,8,-7,0.0,4.0,0.0,7.0,-8.0,0.0,6.0,19,5,0,0,0,0,0,18.8753,4.7453003,68.0,62.083332,0.43671608,23.4,56.519997,220.08812,0.0,0.0,0.0,0.0,7.5,NOAA consensus,Brookfield and Waukesha agree; Open-Meteo differs by 11.4°F,85,False,-7.5,NOAA consensus,Brookfield and Waukesha agree; Open-Meteo differs by 12.2°F,85,False
2025-12-16,0.0,18,7,0.0,4.0,0.0,18.0,6.0,0.0,6.0,38,10,0,0,0,0,0,36.1553,10.775299,85.0,72.25,12.683521,26.260265,63.0,207.9168,0.0,0.0,0.0,0.0,18.0,NOAA consensus,Brookfield and Waukesha agree; Open-Meteo differs by 18.2°F,93,True,7.0,NOAA + Open-Meteo,"Brookfield, Waukesha, and Open-Meteo agree",98,False
2025-12-17,0.0,38,10,0.0,4.0,0.0,36.0,13.0,0.0,4.0,40,32,0,0,0,0,0,38.5853,32.0153,82.0,73.375,27.70245,28.90107,69.12,239.19862,0.0,0.0,0.0,0.0,38.0,NOAA + Open-Meteo,"Brookfield, Waukesha, and Open-Meteo agree",98,False,11.5,NOAA consensus,Brookfield and Waukesha agree; Open-Meteo differs by 20.5°F,93,True
2025-12-18,0.0,42,30,0.0,3.0,0.0,41.0,28.0,0.0,1.0,48,17,0,0,0,0,0,47.0453,32.7353,99.0,85.666664,35.233864,29.660152,61.56,187.19566,4.0,2.5,0.0,0.0,41.5,NOAA consensus,Brookfield and Waukesha agree; Open-Meteo differs by 5.5°F,85,False,30.0,NOAA + Open-Meteo,"Brookfield, Waukesha, and Open-Meteo agree",98,False
2025-12-19,0.0,48,7,0.03,0.0,0.0,46.0,6.0,0.05,0.0,21,9,0,0,0,0,0,31.5653,7.535301,77.0,69.458336,7.875223,37.022285,60.479996,269.68518,0.0,0.0,0.0,0.0,47.0,NOAA consensus,Brookfield and Waukesha agree; Open-Meteo differs by 15.4°F,93,True,7.0,NOAA + Open-Meteo,"Brookfield, Waukesha, and Open-Meteo agree",98,False
2025-12-20,0.0,32,7,0.0,0.0,0.0,33.0,6.0,0.0,0.0,42,21,0,0,0,0,0,41.375298,16.8953,72.0,60.125,16.024172,32.58348,70.56,221.16917,0.0,0.0,0.0,0.0,32.5,NOAA consensus,Brookfield and Waukesha agree; Open-Meteo differs by 8.9°F,85,False,6.5,NOAA consensus,Brookfield and Waukesha agree; Open-Meteo differs by 10.4°F,85,False
2025-12-21,0.0,40,9,0.0,0.0,0.0,40.0,8.0,0.0,0.0,28,12,0,0,0,0,0,32.2853,10.775299,62.0,52.625,5.688919,34.03095,71.28,271.612,0.0,0.0,0.0,0.0,40.0,NOAA consensus,Brookfield and Waukesha agree; Open-Meteo differs by 7.7°F,85,False,9.0,NOAA + Open-Meteo,"Brookfield, Waukesha, and Open-Meteo agree",98,False
2025-12-22,0.0,34,9,0.0,0.0,0.0,32.0,10.0,0.0,0.0,40,28,0,0,0,0,0,39.8453,23.7353,63.0,52.75,17.622086,20.858265,43.199997,185.79495,0.0,0.0,0.0,0.0,33.0,NOAA consensus,Brookfield and Waukesha agree; Open-Meteo differs by 6.8°F,85,False,9.5,NOAA consensus,Brookfield and Waukesha agree; Open-Meteo differs by 14.2°F,85,False
2025-12-23,0.0,38,31,0.03,0.0,0.0,37.0,26.0,0.0,0.0,48,30,0,0,0,0,0,45.7853,32.7353,83.0,72.041664,29.895544,18.94024,39.239998,249.10907,0.0,0.0,0.0,0.0,37.5,NOAA consensus,Brookfield and Waukesha agree; Open-Meteo differs by 8.3°F,85,False,31.0,NOAA + Open-Meteo,"Brookfield, Waukesha, and Open-Meteo agree",98,False
2025-12-24,0.0,45,27,0.0,0.0,0.0,45.0,28.0,0.0,0.0,41,32,0,0,0,0,0,41.9153,26.7053,88.0,75.375,26.99084,15.782622,29.88,113.868454,0.0,0.0,0.0,0.0,45.0,NOAA + Open-Meteo,"Brookfield, Waukesha, and Open-Meteo agree",98,False,27.0,NOAA + Open-Meteo,"Brookfield, Waukesha, and Open-Meteo agree",98,False
2025-12-25,0.0,40,31,0.0,0.0,0.0,39.0,27.0,0.0,0.0,40,35,0,0,0,0,0,40.0253,32.4653,95.0,80.208336,31.06417,21.897945,43.92,44.334568,0.0,0.0,0.0,0.0,40.0,NOAA + Open-Meteo,"Brookfield, Waukesha, and Open-Meteo agree",98,False,31.0,NOAA + Open-Meteo,"Brookfield, Waukesha, and Open-Meteo agree",98,False
2025-12-26,0.0,38,33,0.08,0.0,0.0,37.0,32.0,0.05,0.0,42,37,0,0,0,0,0,39.5753,33.9953,97.0,87.291664,33.667435,23.166218,54.0,109.06465,5.0,10.0,0.0,0.0,38.0,NOAA + Open-Meteo,"Brookfield, Waukesha, and Open-Meteo agree",98,False,33.0,NOAA + Open-Meteo,"Brookfield, Waukesha, and Open-Meteo agree",98,False
2025-12-27,0.0,39,34,0.02,0.0,0.0,38.0,33.0,0.0,0.0,40,35,0,0,0,0,0,38.3153,34.4453,98.0,92.583336,33.76745,16.08761,33.12,147.23854,0.0,0.0,0.0,0.0,38.31529998779297,NOAA + Open-Meteo,"Brookfield, Waukesha, and Open-Meteo agree",98,False,34.0,NOAA + Open-Meteo,"Brookfield, Waukesha, and Open-Meteo agree",98,False
2025-12-28,0.0,39,34,0.04,0.0,0.0,38.0,33.0,0.02,0.0,42,29,0,0,0,0,0,41.1953,36.5153,99.0,97.333336,38.166473,17.826363,40.32,94.05059,10.0,10.599998,0.0,0.0,39.0,NOAA + Open-Meteo,"Brookfield, Waukesha, and Open-Meteo agree",98,False,34.0,NOAA + Open-Meteo,"Brookfield, Waukesha, and Open-Meteo agree",98,False
2025-12-29,1.0,40,17,0.74,1.0,1.8,40.0,16.0,0.78,2.0,28,14,0,0,0,0,0,37.9553,15.7253,96.0,84.125,19.817417,40.89606,70.92,282.78253,9.0,1.7000002,0.0,1.9600002,40.0,NOAA + Open-Meteo,"Brookfield, Waukesha, and Open-Meteo agree",98,False,16.0,NOAA + Open-Meteo,"Brookfield, Waukesha, and Open-Meteo agree",98,False
2025-12-30,0.0,23,9,0.0,0.0,0.0,22.0,8.0,0.0,1.0,22,12,0,0,0,0,0,18.3353,9.785301,82.0,76.125,7.2512455,31.303444,56.519997,283.8627,1.0,0.099999994,0.0,0.21000001,22.0,NOAA + Open-Meteo,"Brookfield, Waukesha, and Open-Meteo agree",98,False,9.0,NOAA + Open-Meteo,"Brookfield, Waukesha, and Open-Meteo agree",98,False
2025-12-31,1.0,26,9,0.04,1.0,1.0,25.0,8.0,0.05,2.0,34,12,0,0,0,0,0,33.0053,17.4353,92.0,84.458336,20.38463,24.627787,47.519997,281.46283,5.0,0.70000005,0.0,1.12,25.5,NOAA consensus,Brookfield and Waukesha agree; Open-Meteo differs by 7.5°F,85,False,8.5,NOAA consensus,Brookfield and Waukesha agree; Open-Meteo differs by 8.9°F,85,False
2026-01-01,0.2,33,6,0.02,1.0,0.3,32.0,6.0,0.04,2.0,16,9,0,0,0,0,0,20.0453,5.735302,85.0,72.875,4.4767094,21.933426,41.039997,296.32822,3.0,0.29999998,0.0,0.63,32.5,NOAA consensus,Brookfield and Waukesha agree; Open-Meteo differs by 12.5°F,85,False,6.0,NOAA + Open-Meteo,"Brookfield, Waukesha, and Open-Meteo agree",98,False
2026-01-02,0.5,14,8,0.02,2.0,0.5,14.0,7.0,0.02,3.0,20,11,0,0,0,0,0,18.2453,9.9653,80.0,67.708336,5.197363,20.431387,39.239998,282.36682,0.0,0.0,0.0,0.0,14.0,NOAA + Open-Meteo,"Brookfield, Waukesha, and Open-Meteo agree",98,False,8.0,NOAA + Open-Meteo,"Brookfield, Waukesha, and Open-Meteo agree",98,False
2026-01-03,0.0,18,9,0.0,2.0,0.0,18.0,8.0,0.0,3.0,22,16,0,0,0,0,0,20.855299,15.365299,65.0,59.0,5.2635136,13.797912,40.32,282.1455,0.0,0.0,0.0,0.0,18.0,NOAA + Open-Meteo,"Brookfield, Waukesha, and Open-Meteo agree",98,False,8.5,NOAA consensus,Brookfield and Waukesha agree; Open-Meteo differs by 6.9°F,85,False
2026-01-04,0.0,20,11,0.0,2.0,0.0,20.0,9.0,0.0,3.0,31,16,0,0,0,0,0,26.6153,13.205301,76.0,62.833332,9.830135,11.165805,34.92,243.92468,0.0,0.0,0.0,0.0,20.0,NOAA consensus,Brookfield and Waukesha agree; Open-Meteo differs by 6.6°F,85,False,11.0,NOAA + Open-Meteo,"Brookfield, Waukesha, and Open-Meteo agree",98,False
2026-01-05,0.0,30,10,0.0,2.0,0.0,29.0,9.0,0.0,2.0,38,24,0,0,0,0,0,36.8753,26.0753,88.0,78.208336,25.21185,17.727943,60.120003,179.59464,0.0,0.0,0.0,0.0,29.5,NOAA consensus,Brookfield and Waukesha agree; Open-Meteo differs by 7.4°F,85,False,9.5,NOAA consensus,Brookfield and Waukesha agree; Open-Meteo differs by 16.6°F,93,True
2026-01-06,0.0,37,30,0.38,1.0,0.0,38.0,29.0,0.55,0.0,41,33,1,0,0,0,0,39.3953,32.1053,100.0,94.125,34.510727,10.495713,20.880001,18.232565,5.0,10.2,0.0,0.0,38.0,NOAA + Open-Meteo,"Brookfield, Waukesha, and Open-Meteo agree",98,False,30.0,NOAA + Open-Meteo,"Brookfield, Waukesha, and Open-Meteo agree",98,False
2026-01-07,0.0,39,32,0.13,0.0,0.0,38.0,31.0,0.09,0.0,38,29,0,0,0,0,0,37.9553,32.1053,100.0,94.166664,33.677246,20.5484,35.28,249.82047,0.0,0.0,0.0,0.0,38.0,NOAA + Open-Meteo,"Brookfield, Waukesha, and Open-Meteo agree",98,False,32.0,NOAA + Open-Meteo,"Brookfield, Waukesha, and Open-Meteo agree",98,False
2026-01-08,0.0,43,27,0.0,0.0,0.0,38.0,25.0,0.0,0.0,52,28,0,0,0,0,0,49.2953,31.9253,97.0,83.416664,34.045055,16.45007,43.199997,152.33221,2.0,0.8,0.0,0.0,40.5,NOAA consensus,Brookfield and Waukesha agree; Open-Meteo differs by 8.8°F,85,False,26.0,NOAA consensus,Brookfield and Waukesha agree; Open-Meteo differs by 5.9°F,85,False
2026-01-09,0.0,58,36,0.31,0.0,0.0,56.0,31.0,0.33,0.0,59,34,0,0,0,0,0,55.0553,36.8753,96.0,84.333336,40.018517,39.18712,72.36,251.93489,2.0,1.8,0.0,0.0,56.0,NOAA + Open-Meteo,"Brookfield, Waukesha, and Open-Meteo agree",98,False,36.0,NOAA + Open-Meteo,"Brookfield, Waukesha, and Open-Meteo agree",98,False
2026-01-10,0.0,43,27,0.13,0.0,0.2,42.0,27.0,0.22,0.0,38,21,0,0,0,0,0,36.3353,30.9353,98.0,85.916664,29.917961,25.212852,43.56,248.10626,8.0,2.3999999,0.0,2.45,42.5,NOAA consensus,Brookfield and Waukesha agree; Open-Meteo differs by 6.2°F,85,False,27.0,NOAA + Open-Meteo,"Brookfield, Waukesha, and Open-Meteo agree",98,False
2026-01-11,1.5,33,17,0.09,0.0,0.5,32.0,16.0,0.05,0.0,33,19,0,0,0,0,0,31.2053,17.4353,81.0,73.75,18.191736,26.901417,64.079994,284.91815,0.0,0.0,0.0,0.0,32.0,NOAA + Open-Meteo,"Brookfield, Waukesha, and Open-Meteo agree",98,False,17.0,NOAA + Open-Meteo,"Brookfield, Waukesha, and Open-Meteo agree",98,False
2026-01-12,0.0,31,24,0.0,0.0,0.0,29.0,24.0,0.0,0.0,44,26,0,0,0,0,0,42.0953,26.2553,84.0,74.0,23.384119,24.72495,58.32,233.15631,0.0,0.0,0.0,0.0,30.0,NOAA consensus,Brookfield and Waukesha agree; Open-Meteo differs by 12.1°F,85,False,24.0,NOAA + Open-Meteo,"Brookfield, Waukesha, and Open-Meteo agree",98,False
2026-01-13,0.0,44,26,0.0,0.0,0.0,43.0,25.0,0.0,0.0,54,33,0,0,0,0,0,50.8253,33.3653,82.0,72.666664,31.16482,29.301876,63.0,234.42914,0.0,0.0,0.0,0.0,43.5,NOAA consensus,Brookfield and Waukesha agree; Open-Meteo differs by 7.3°F,85,False,25.5,NOAA consensus,Brookfield and Waukesha agree; Open-Meteo differs by 7.9°F,85,False
2026-01-14,0.5,52,21,0.02,0.0,0.5,51.0,20.0,0.02,1.0,42,16,0,0,0,0,0,44.8853,18.0653,82.0,65.458336,20.227959,38.71465,72.0,316.69305,1.0,0.099999994,0.0,0.21000001,51.5,NOAA consensus,Brookfield and Waukesha agree; Open-Meteo differs by 6.6°F,85,False,20.0,NOAA + Open-Meteo,"Brookfield, Waukesha, and Open-Meteo agree",98,False
2026-01-15,0.0,22,11,0.0,0.0,0.0,20.0,11.0,0.0,0.0,23,12,0,0,0,0,0,23.015299,11.855301,75.0,65.625,7.1950455,25.567604,53.639996,308.7304,0.0,0.0,0.0,0.0,22.0,NOAA + Open-Meteo,"Brookfield, Waukesha, and Open-Meteo agree",98,False,11.0,NOAA + Open-Meteo,"Brookfield, Waukesha, and Open-Meteo agree",98,False
2026-01-16,1.0,24,11,0.11,1.0,1.5,23.0,11.0,0.1,2.0,36,20,0,0,0,0,0,35.3453,21.3953,95.0,81.25,20.966877,26.525429,56.16,218.5161,5.0,0.59999996,0.0,1.19,23.5,NOAA consensus,Brookfield and Waukesha agree; Open-Meteo differs by 11.8°F,85,False,11.0,NOAA consensus,Brookfield and Waukesha agree; Open-Meteo differs by 10.4°F,85,False
2026-01-17,3.8,34,10,0.38,4.0,3.5,47.0,9.0,0.3,4.0,20,12,0,0,0,0,0,33.3653,11.0453,87.0,82.291664,12.8173065,28.467327,51.839996,242.02959,3.0,0.3,0.0,0.0,33.68264961242676,Brookfield + Open-Meteo,Brookfield matches Open-Meteo; Waukesha is the likely outlier,75,True,10.0,NOAA + Open-Meteo,"Brookfield, Waukesha, and Open-Meteo agree",98,False
2026-01-18,2.0,16,3,0.05,5.0,0.5,15.0,1.0,0.02,4.0,17,5,0,0,0,0,0,15.5453,3.6653023,84.0,75.75,4.3030148,24.490585,42.839996,242.55391,0.0,0.0,0.0,0.0,15.545299530029297,NOAA + Open-Meteo,"Brookfield, Waukesha, and Open-Meteo agree",98,False,3.0,NOAA + Open-Meteo,"Brookfield, Waukesha, and Open-Meteo agree",98,False
2026-01-19,1.0,13,-3,0.05,4.0,0.5,12.0,-5.0,0.03,3.0,14,-2,0,0,0,0,1,13.4753,-3.9846992,85.0,71.166664,-2.4612923,37.022285,59.76,272.87866,0.0,0.0,0.0,0.0,13.0,NOAA + Open-Meteo,"Brookfield, Waukesha, and Open-Meteo agree",98,False,-3.984699249267578,NOAA + Open-Meteo,"Brookfield, Waukesha, and Open-Meteo agree",98,False
2026-01-20,0.0,2,-4,0.0,3.0,0.0,2.0,-7.0,0.0,3.0,17,-2,0,0,0,0,0,12.3953,-2.724701,77.0,68.125,-5.623253,20.898611,38.88,251.49191,0.0,0.0,0.0,0.0,2.0,NOAA consensus,Brookfield and Waukesha agree; Open-Meteo differs by 10.4°F,85,False,-4.0,NOAA + Open-Meteo,"Brookfield, Waukesha, and Open-Meteo agree",98,False
2026-01-21,2.5,17,-4,0.06,5.0,1.2,17.0,-4.0,0.08,4.0,25,17,0,0,0,0,0,22.2053,11.3153,94.0,77.208336,10.949833,23.277834,47.16,229.30923,0.0,0.0,0.0,0.0,17.0,NOAA consensus,Brookfield and Waukesha agree; Open-Meteo differs by 5.2°F,85,False,-4.0,NOAA consensus,Brookfield and Waukesha agree; Open-Meteo differs by 15.3°F,93,True
2026-01-22,0.0,23,8,0.0,5.0,0.2,24.0,7.0,0.0,3.0,24,2,0,0,0,0,1,24.005299,10.325298,88.0,68.666664,8.029421,30.248568,58.679996,258.40582,0.0,0.0,0.0,0.0,24.0,NOAA + Open-Meteo,"Brookfield, Waukesha, and Open-Meteo agree",98,False,8.0,NOAA + Open-Meteo,"Brookfield, Waukesha, and Open-Meteo agree",98,False
2026-01-23,0.0,18,-17,0.0,5.0,0.0,18.0,-18.0,0.0,3.0,2,-15,0,0,0,0,0,12.305302,-16.134697,59.0,53.708332,-17.941906,27.80403,49.32,293.33673,0.0,0.0,0.0,0.0,18.0,NOAA consensus,Brookfield and Waukesha agree; Open-Meteo differs by 5.7°F,85,False,-17.0,NOAA + Open-Meteo,"Brookfield, Waukesha, and Open-Meteo agree",98,False
2026-01-24,0.0,-9,-17,0.0,5.0,0.0,-8.0,-18.0,0.0,3.0,3,-13,0,0,0,0,0,1.235302,-13.794701,68.0,59.0,-19.371784,13.039754,29.16,283.90268,0.0,0.0,0.0,0.0,-8.5,NOAA consensus,Brookfield and Waukesha agree; Open-Meteo differs by 9.7°F,85,False,-17.0,NOAA + Open-Meteo,"Brookfield, Waukesha, and Open-Meteo agree",98,False
2026-01-25,0.0,5,-15,0.0,4.0,0.0,4.0,-17.0,0.0,3.0,12,2,0,0,0,0,0,11.4053,-2.4547005,76.0,62.75,-6.124691,21.897945,38.88,327.9867,0.0,0.0,0.0,0.0,4.5,NOAA consensus,Brookfield and Waukesha agree; Open-Meteo differs by 6.9°F,85,False,-16.0,NOAA consensus,Brookfield and Waukesha agree; Open-Meteo differs by 13.5°F,85,False
2026-01-26,0.0,10,-5,0.0,4.0,0.0,10.0,-6.0,0.0,3.0,11,-2,0,0,0,0,0,7.1752987,-3.264698,70.0,61.875,-7.6177063,25.683926,45.0,278.11502,0.0,0.0,0.0,0.0,10.0,NOAA + Open-Meteo,"Brookfield, Waukesha, and Open-Meteo agree",98,False,-5.0,NOAA + Open-Meteo,"Brookfield, Waukesha, and Open-Meteo agree",98,False
2026-01-27,0.0,11,-5,0.0,4.0,0.0,11.0,-5.0,0.0,3.0,13,5,0,0,0,0,0,12.035301,4.115301,75.0,59.75,-2.2583122,31.956968,70.56,259.21976,0.0,0.0,0.0,0.0,11.0,NOAA + Open-Meteo,"Brookfield, Waukesha, and Open-Meteo agree",98,False,-5.0,NOAA consensus,Brookfield and Waukesha agree; Open-Meteo differs by 9.1°F,85,False
2026-01-28,0.0,11,-1,0.0,4.0,0.0,12.0,-4.0,0.0,3.0,14,-1,0,0,0,0,0,13.385302,-1.1946983,77.0,62.708332,-5.3880997,24.482647,43.56,266.5592,0.0,0.0,0.0,0.0,12.0,NOAA + Open-Meteo,"Brookfield, Waukesha, and Open-Meteo agree",98,False,-1.1946983337402344,NOAA + Open-Meteo,"Brookfield, Waukesha, and Open-Meteo agree",98,False
2026-01-29,0.0,12,-4,0.0,4.0,0.0,13.0,-4.0,0.0,3.0,15,1,0,0,0,0,0,13.2953,-3.0846977,78.0,63.458332,-5.112339,13.979872,36.0,296.36252,0.0,0.0,0.0,0.0,13.0,NOAA + Open-Meteo,"Brookfield, Waukesha, and Open-Meteo agree",98,False,-4.0,NOAA + Open-Meteo,"Brookfield, Waukesha, and Open-Meteo agree",98,False
2026-01-30,0.0,12,-4,0.0,4.0,0.0,17.0,-2.0,0.0,2.0,19,10,0,0,0,0,0,18.0653,6.9953003,77.0,60.583332,-0.01834488,23.42491,34.56,340.91827,0.0,0.0,0.0,0.0,17.0,NOAA + Open-Meteo,"Brookfield, Waukesha, and Open-Meteo agree",98,False,-3.0,NOAA consensus,Brookfield and Waukesha agree; Open-Meteo differs by 10.0°F,85,False
2026-01-31,0.0,17,8,0.0,3.0,0.0,20.0,11.0,0.0,2.0,26,14,0,0,0,0,0,23.7353,11.4053,79.0,70.041664,8.027956,22.057161,52.92,327.13797,0.0,0.0,0.0,0.0,18.5,NOAA consensus,Brookfield and Waukesha agree; Open-Meteo differs by 5.2°F,85,False,11.0,NOAA + Open-Meteo,"Brookfield, Waukesha, and Open-Meteo agree",98,False
2026-02-01,0.0,23,-4,0.0,3.0,0.0,29.0,-1.0,0.0,2.0,29,7,0,0,0,0,0,28.0553,4.7453003,86.0,73.5,7.934902,20.188908,34.56,219.85127,0.0,0.0,0.0,0.0,28.527649879455566,Waukesha + Open-Meteo,Waukesha matches Open-Meteo; Brookfield is the likely outlier,75,True,-2.5,NOAA consensus,Brookfield and Waukesha agree; Open-Meteo differs by 7.2°F,85,False
2026-02-02,0.0,30,2,0.0,3.0,0.0,35.0,4.0,0.0,2.0,27,20,0,0,0,1,0,26.6153,18.605299,89.0,77.083336,17.084152,20.393293,47.88,243.21075,3.0,0.2,0.0,0.14,32.5,NOAA consensus,Brookfield and Waukesha agree; Open-Meteo differs by 5.9°F,85,False,3.0,NOAA consensus,Brookfield and Waukesha agree; Open-Meteo differs by 15.6°F,93,True
2026-02-03,0.0,27,8,0.0,3.0,0.0,34.0,8.0,0.0,2.0,23,13,0,0,0,0,0,23.915298,11.4053,85.0,71.25,10.756058,16.454008,23.759998,325.3235,0.0,0.0,0.0,0.0,25.45764923095703,Brookfield + Open-Meteo,Brookfield matches Open-Meteo; Waukesha is the likely outlier,75,True,8.0,NOAA + Open-Meteo,"Brookfield, Waukesha, and Open-Meteo agree",98,False
2026-02-04,0.0,24,0,0.0,3.0,0.0,33.0,-1.0,0.0,2.0,27,12,0,0,0,0,0,25.445301,5.105301,78.0,66.75,5.027935,9.659814,20.16,298.9509,0.0,0.0,0.0,0.0,24.7226505279541,Brookfield + Open-Meteo,Brookfield matches Open-Meteo; Waukesha is the likely outlier,75,True,-0.5,NOAA consensus,Brookfield and Waukesha agree; Open-Meteo differs by 5.6°F,85,False
2026-02-05,0.0,25,7,0.0,3.0,0.0,32.0,1.0,0.0,1.0,32,16,0,0,0,0,0,29.4053,12.845301,85.0,74.416664,13.257011,22.322903,48.96,221.18582,1.0,0.099999994,0.0,0.21000001,32.0,Waukesha + Mitchell,Waukesha agrees with Mitchell,82,True,7.0,Median estimate,"Brookfield, Waukesha, and Open-Meteo disagree",30,True
2026-02-06,1.0,31,19,0.05,4.0,0.9,37.0,18.0,0.05,2.0,37,15,0,0,0,0,0,36.7853,29.1353,94.0,80.583336,26.060398,25.501621,45.0,306.758,2.0,0.49999997,0.0,0.90999997,36.89265060424805,Waukesha + Open-Meteo,Waukesha matches Open-Meteo; Brookfield is the likely outlier,75,True,18.5,NOAA consensus,Brookfield and Waukesha agree; Open-Meteo differs by 10.6°F,85,False
2026-02-07,0.0,35,5,0.0,3.0,0.0,42.0,5.0,0.0,2.0,21,9,0,0,0,0,0,26.7953,5.8252983,75.0,56.333332,2.1453438,21.829777,48.96,342.7184,0.0,0.0,0.0,0.0,35.0,Median estimate,"Brookfield, Waukesha, and Open-Meteo disagree",30,True,5.0,NOAA + Open-Meteo,"Brookfield, Waukesha, and Open-Meteo agree",98,False
2026-02-08,1.0,23,8,0.07,4.0,0.8,29.0,10.0,0.05,3.0,28,18,0,0,0,0,0,28.0553,17.2553,92.0,75.875,15.004673,20.523157,30.239998,115.87514,4.0,0.6,0.0,1.12,28.527649879455566,Waukesha + Open-Meteo,Waukesha matches Open-Meteo; Brookfield is the likely outlier,75,True,9.0,NOAA consensus,Brookfield and Waukesha agree; Open-Meteo differs by 8.3°F,85,False
2026-02-09,0.0,29,20,0.0,4.0,0.0,34.0,19.0,0.0,2.0,35,23,0,0,0,0,0,36.4253,22.0253,86.0,72.666664,20.134014,17.58481,36.719997,167.59782,0.0,0.0,0.0,0.0,34.0,NOAA + Open-Meteo,"Brookfield, Waukesha, and Open-Meteo agree",98,False,20.0,NOAA + Open-Meteo,"Brookfield, Waukesha, and Open-Meteo agree",98,False
2026-02-10,0.0,36,22,0.0,4.0,0.0,40.0,20.0,0.0,2.0,41,29,0,0,0,0,0,39.3953,29.1353,80.0,69.458336,24.929504,24.280659,42.48,285.97284,0.0,0.0,0.0,0.0,39.395301818847656,NOAA + Open-Meteo,"Brookfield, Waukesha, and Open-Meteo agree",98,False,21.0,NOAA consensus,Brookfield and Waukesha agree; Open-Meteo differs by 8.1°F,85,False
2026-02-11,0.0,39,22,0.0,3.0,0.0,44.0,22.0,0.0,1.0,37,25,0,0,0,0,0,35.7053,24.185299,72.0,65.791664,19.980103,21.42227,53.28,291.88745,0.0,0.0,0.0,0.0,41.5,NOAA consensus,Brookfield and Waukesha agree; Open-Meteo differs by 5.8°F,85,False,22.0,NOAA + Open-Meteo,"Brookfield, Waukesha, and Open-Meteo agree",98,False
2026-02-12,0.0,35,14,0.0,3.0,0.0,42.0,14.0,0.0,0.0,32,21,0,0,0,0,0,35.6153,18.8753,78.0,65.125,16.727114,6.519877,15.4800005,325.7714,0.0,0.0,0.0,0.0,35.30764961242676,Brookfield + Open-Meteo,Brookfield matches Open-Meteo; Waukesha is the likely outlier,75,True,14.0,NOAA + Open-Meteo,"Brookfield, Waukesha, and Open-Meteo agree",98,False
2026-02-13,0.0,34,17,0.0,3.0,0.0,36.0,17.0,0.0,0.0,50,23,0,0,0,0,0,49.7453,23.915298,87.0,70.416664,23.697582,19.469976,37.44,212.93224,0.0,0.0,0.0,0.0,35.0,NOAA consensus,Brookfield and Waukesha agree; Open-Meteo differs by 14.7°F,85,False,17.0,NOAA consensus,Brookfield and Waukesha agree; Open-Meteo differs by 6.9°F,85,False
2026-02-14,0.0,49,23,0.0,2.0,0.0,53.0,22.0,0.0,0.0,47,25,0,0,0,0,0,54.0653,26.0753,83.0,66.833336,27.168243,13.722565,16.56,219.06253,0.0,0.0,0.0,0.0,53.0,NOAA + Open-Meteo,"Brookfield, Waukesha, and Open-Meteo agree",98,False,23.0,NOAA + Open-Meteo,"Brookfield, Waukesha, and Open-Meteo agree",98,False
2026-02-15,0.0,54,22,0.0,1.0,0.0,60.0,28.0,0.0,0.0,57,27,0,0,0,0,0,55.9553,30.5753,82.0,63.416668,28.41933,14.8257065,27.72,261.29156,0.0,0.0,0.0,0.0,55.955299377441406,Median estimate,"Brookfield, Waukesha, and Open-Meteo disagree",30,True,29.287650108337402,Waukesha + Open-Meteo,Waukesha matches Open-Meteo; Brookfield is the likely outlier,75,True
2026-02-16,0.0,55,27,0.0,0.0,0.0,60.0,27.0,0.0,0.0,63,33,0,0,0,0,0,61.085304,33.7253,74.0,60.375,31.306753,29.574827,68.03999,229.4396,0.0,0.0,0.0,0.0,60.0,NOAA + Open-Meteo,"Brookfield, Waukesha, and Open-Meteo agree",98,False,27.0,NOAA consensus,Brookfield and Waukesha agree; Open-Meteo differs by 6.7°F,85,False
2026-02-17,0.0,61,35,0.0,0.0,0.0,64.0,37.0,0.0,0.0,45,36,0,0,0,0,0,52.4453,34.6253,91.0,78.125,35.64354,16.563911,28.44,71.025925,0.0,0.0,0.0,0.0,62.5,NOAA consensus,Brookfield and Waukesha agree; Open-Meteo differs by 10.1°F,85,False,35.0,NOAA + Open-Meteo,"Brookfield, Waukesha, and Open-Meteo agree",98,False
2026-02-18,0.0,50,35,0.13,0.0,0.0,52.0,38.0,0.12,0.0,60,41,1,0,0,0,0,57.2153,40.0253,98.0,72.916664,38.50839,38.349712,69.12,197.98105,4.0,6.5,0.0,0.0,51.0,NOAA consensus,Brookfield and Waukesha agree; Open-Meteo differs by 6.2°F,85,False,38.0,NOAA + Open-Meteo,"Brookfield, Waukesha, and Open-Meteo agree",98,False
2026-02-19,0.0,58,29,0.0,0.0,0.0,58.0,29.0,0.0,0.0,51,35,1,0,0,0,0,53.7053,32.5553,65.0,47.75,23.341883,19.576189,39.239998,221.66742,0.0,0.0,0.0,0.0,58.0,NOAA + Open-Meteo,"Brookfield, Waukesha, and Open-Meteo agree",98,False,29.0,NOAA + Open-Meteo,"Brookfield, Waukesha, and Open-Meteo agree",98,False
2026-02-20,0.0,53,29,0.4,0.0,0.0,56.0,32.0,0.49,0.0,40,29,1,0,0,0,0,38.9453,30.9353,97.0,88.791664,31.73535,36.302925,62.279995,293.66312,4.0,7.7000003,0.0,0.0,54.5,NOAA consensus,Brookfield and Waukesha agree; Open-Meteo differs by 15.6°F,93,True,30.935300827026367,NOAA + Open-Meteo,"Brookfield, Waukesha, and Open-Meteo agree",98,False
2026-02-21,0.0,35,23,0.0,0.0,0.0,35.0,23.0,0.0,0.0,29,25,0,0,0,0,0,31.1153,24.2753,79.0,74.791664,20.410713,25.60053,47.519997,281.01407,0.0,0.0,0.0,0.0,35.0,NOAA + Open-Meteo,"Brookfield, Waukesha, and Open-Meteo agree",98,False,23.0,NOAA + Open-Meteo,"Brookfield, Waukesha, and Open-Meteo agree",98,False
2026-02-22,0.0,26,19,0.0,0.0,0.0,26.0,17.0,0.0,0.0,27,19,0,0,0,0,0,24.9053,19.3253,78.0,71.916664,14.886269,30.652895,47.88,305.99753,0.0,0.0,0.0,0.0,26.0,NOAA + Open-Meteo,"Brookfield, Waukesha, and Open-Meteo agree",98,False,19.0,NOAA + Open-Meteo,"Brookfield, Waukesha, and Open-Meteo agree",98,False
2026-02-23,0.0,24,16,0.0,0.0,0.0,24.0,15.0,0.0,0.0,25,18,0,0,0,0,0,26.2553,17.7053,77.0,65.541664,10.71176,25.72174,54.36,327.28296,0.0,0.0,0.0,0.0,24.0,NOAA + Open-Meteo,"Brookfield, Waukesha, and Open-Meteo agree",98,False,16.0,NOAA + Open-Meteo,"Brookfield, Waukesha, and Open-Meteo agree",98,False
2026-02-24,0.0,26,16,0.0,0.0,0.0,27.0,14.0,0.0,0.0,36,18,0,0,0,0,0,34.4453,18.2453,76.0,61.958332,12.847118,35.27632,56.88,195.69128,0.0,0.0,0.0,0.0,26.5,NOAA consensus,Brookfield and Waukesha agree; Open-Meteo differs by 7.9°F,85,False,16.0,NOAA + Open-Meteo,"Brookfield, Waukesha, and Open-Meteo agree",98,False
2026-02-25,0.0,34,20,0.0,0.0,0.0,33.0,19.0,0.0,0.0,31,19,0,0,0,0,0,32.9153,20.855299,79.0,64.0,16.489864,26.82906,56.519997,276.92368,0.0,0.0,0.0,0.0,33.0,NOAA + Open-Meteo,"Brookfield, Waukesha, and Open-Meteo agree",98,False,20.0,NOAA + Open-Meteo,"Brookfield, Waukesha, and Open-Meteo agree",98,False
2026-02-26,0.0,27,11,0.0,0.0,0.0,29.0,12.0,0.0,0.0,42,13,0,0,0,0,0,41.1953,13.4753,78.0,60.083332,11.358791,20.018072,32.039997,210.05078,0.0,0.0,0.0,0.0,28.0,NOAA consensus,Brookfield and Waukesha agree; Open-Meteo differs by 13.2°F,85,False,12.0,NOAA + Open-Meteo,"Brookfield, Waukesha, and Open-Meteo agree",98,False
2026-02-27,0.0,41,14,0.0,0.0,0.0,37.0,11.0,0.0,0.0,61,29,0,0,0,0,0,58.7453,28.8653,82.0,59.625,25.580618,26.787966,43.92,225.23134,0.0,0.0,0.0,0.0,39.0,NOAA consensus,Brookfield and Waukesha agree; Open-Meteo differs by 19.7°F,93,True,12.5,NOAA consensus,Brookfield and Waukesha agree; Open-Meteo differs by 16.4°F,93,True
2026-02-28,0.0,59,27,0.0,0.0,0.0,59.0,27.0,0.0,0.0,44,24,0,0,0,0,0,51.9053,22.9253,91.0,51.166668,17.990389,26.518099,59.039997,310.586,3.0,0.90000004,0.0,1.6800001,59.0,NOAA consensus,Brookfield and Waukesha agree; Open-Meteo differs by 7.1°F,85,False,27.0,NOAA + Open-Meteo,"Brookfield, Waukesha, and Open-Meteo agree",98,False
2026-03-01,1.5,29,10,0.06,2.0,1.0,29.0,11.0,0.07,1.0,28,21,0,0,0,0,0,30.1253,17.3453,88.0,71.833336,14.788298,13.009903,20.880001,14.335492,1.0,0.099999994,0.0,0.21000001,29.0,NOAA + Open-Meteo,"Brookfield, Waukesha, and Open-Meteo agree",98,False,10.5,NOAA consensus,Brookfield and Waukesha agree; Open-Meteo differs by 6.8°F,85,False
2026-03-02,0.0,30,14,0.0,0.0,0.0,31.0,15.0,0.0,0.0,36,20,0,0,0,0,0,40.4753,18.5153,79.0,64.875,16.298801,18.626305,25.56,130.81165,0.0,0.0,0.0,0.0,30.5,NOAA consensus,Brookfield and Waukesha agree; Open-Meteo differs by 10.0°F,85,False,15.0,NOAA + Open-Meteo,"Brookfield, Waukesha, and Open-Meteo agree",98,False
2026-03-03,0.0,40,20,0.0,0.0,0.0,40.0,26.0,0.0,0.0,39,27,0,0,0,0,0,42.3653,26.1653,82.0,71.583336,25.027035,13.246826,26.28,89.35141,0.0,0.0,0.0,0.0,40.0,NOAA + Open-Meteo,"Brookfield, Waukesha, and Open-Meteo agree",98,False,26.082650184631348,Waukesha + Open-Meteo,Waukesha matches Open-Meteo; Brookfield is the likely outlier,75,True
2026-03-04,0.0,42,21,0.0,0.0,0.0,42.0,21.0,0.0,0.0,44,23,0,0,0,0,0,48.3953,24.0953,92.0,77.583336,28.397717,14.77755,20.880001,118.85955,0.0,0.0,0.0,0.0,42.0,NOAA consensus,Brookfield and Waukesha agree; Open-Meteo differs by 6.4°F,85,False,21.0,NOAA + Open-Meteo,"Brookfield, Waukesha, and Open-Meteo agree",98,False
2026-03-05,0.0,48,23,0.01,0.0,0.0,50.0,30.0,0.0,0.0,39,36,0,0,0,0,0,42.9953,37.2353,100.0,90.041664,37.200237,10.028439,20.519999,54.896595,0.0,0.0,0.0,0.0,49.0,NOAA consensus,Brookfield and Waukesha agree; Open-Meteo differs by 6.0°F,85,False,30.0,Median estimate,"Brookfield, Waukesha, and Open-Meteo disagree",30,True
2026-03-06,0.0,41,37,0.03,0.0,0.0,42.0,37.0,0.0,0.0,62,37,1,0,0,0,0,58.4753,37.5053,100.0,96.375,42.312195,21.900904,43.56,148.8084,3.0,3.7,0.0,0.0,41.5,NOAA consensus,Brookfield and Waukesha agree; Open-Meteo differs by 17.0°F,93,True,37.0,NOAA + Open-Meteo,"Brookfield, Waukesha, and Open-Meteo agree",98,False
2026-03-07,0.0,60,39,0.63,0.0,0.0,58.0,41.0,0.6,0.0,62,37,0,0,0,0,0,59.1953,41.2853,96.0,87.625,50.77107,33.12978,63.0,234.0084,1.0,5.0,0.0,0.0,59.1953010559082,NOAA + Open-Meteo,"Brookfield, Waukesha, and Open-Meteo agree",98,False,41.0,NOAA + Open-Meteo,"Brookfield, Waukesha, and Open-Meteo agree",98,False
2026-03-08,0.0,60,30,0.01,0.0,0.0,58.0,29.0,0.0,0.0,61,31,0,0,0,0,0,59.2853,31.9253,91.0,72.958336,33.052036,30.378967,64.439995,232.51636,0.0,0.0,0.0,0.0,59.285301208496094,NOAA + Open-Meteo,"Brookfield, Waukesha, and Open-Meteo agree",98,False,30.0,NOAA + Open-Meteo,"Brookfield, Waukesha, and Open-Meteo agree",98,False
2026-03-09,0.0,60,33,0.0,0.0,0.0,59.0,32.0,0.0,0.0,72,46,0,0,0,0,0,70.4453,48.5753,54.0,46.625,37.349075,30.319181,74.159996,216.99324,0.0,0.0,0.0,0.0,59.5,NOAA consensus,Brookfield and Waukesha agree; Open-Meteo differs by 10.9°F,85,False,32.5,NOAA consensus,Brookfield and Waukesha agree; Open-Meteo differs by 16.1°F,93,True
2026-03-10,0.0,72,39,0.0,0.0,0.0,70.0,38.0,0.0,0.0,50,35,1,0,0,0,0,64.7753,37.1453,90.0,70.75,35.549847,29.74306,47.16,33.63717,1.0,1.1,0.0,0.0,71.0,NOAA consensus,Brookfield and Waukesha agree; Open-Meteo differs by 6.2°F,85,False,38.0,NOAA + Open-Meteo,"Brookfield, Waukesha, and Open-Meteo agree",98,False
2026-03-11,0.0,44,33,0.21,0.0,0.0,44.0,32.0,0.17,0.0,37,32,1,0,0,0,0,38.1353,31.2953,99.0,92.625,32.39541,28.8,51.12,349.2035,6.0,16.500002,0.0,0.84000003,44.0,NOAA consensus,Brookfield and Waukesha agree; Open-Meteo differs by 5.9°F,85,False,32.0,NOAA + Open-Meteo,"Brookfield, Waukesha, and Open-Meteo agree",98,False
2026-03-12,0.0,35,28,0.06,0.0,0.0,35.0,26.0,0.04,0.0,45,30,0,0,0,0,0,43.4453,27.4253,78.0,59.541668,21.252062,18.720001,47.519997,264.96667,0.0,0.0,0.0,0.0,35.0,NOAA consensus,Brookfield and Waukesha agree; Open-Meteo differs by 8.4°F,85,False,27.42530059814453,NOAA + Open-Meteo,"Brookfield, Waukesha, and Open-Meteo agree",98,False
2026-03-13,0.0,44,30,0.06,0.0,0.0,43.0,28.0,0.05,0.0,43,30,0,0,0,0,0,41.1053,35.9753,87.0,61.208332,26.384693,55.61854,84.6,240.47768,1.0,1.0,0.0,0.07,43.0,NOAA + Open-Meteo,"Brookfield, Waukesha, and Open-Meteo agree",98,False,29.0,NOAA consensus,Brookfield and Waukesha agree; Open-Meteo differs by 7.0°F,85,False
2026-03-14,0.0,40,21,0.0,0.0,0.0,41.0,20.0,0.0,0.0,35,25,0,0,0,0,0,35.0753,24.005299,76.0,65.291664,19.76344,34.3833,63.0,349.99194,0.0,0.0,0.0,0.0,40.5,NOAA consensus,Brookfield and Waukesha agree; Open-Meteo differs by 5.4°F,85,False,21.0,NOAA + Open-Meteo,"Brookfield, Waukesha, and Open-Meteo agree",98,False
2026-03-15,0.0,36,21,0.03,0.0,0.0,35.0,21.0,0.0,0.0,39,29,1,1,0,1,1,36.4253,30.7553,95.0,86.625,29.05968,28.639803,58.32,62.853477,8.0,11.2,0.0,1.2600001,36.0,NOAA + Open-Meteo,"Brookfield, Waukesha, and Open-Meteo agree",98,False,21.0,NOAA consensus,Brookfield and Waukesha agree; Open-Meteo differs by 9.8°F,85,False
2026-03-16,4.3,35,19,0.96,4.0,4.5,35.0,18.0,2.2,5.0,29,14,0,0,0,0,1,30.5753,20.3153,93.0,85.75,20.503082,41.74758,77.76,325.31744,17.0,6.5,0.0,8.959999,35.0,NOAA + Open-Meteo,"Brookfield, Waukesha, and Open-Meteo agree",98,False,19.0,NOAA + Open-Meteo,"Brookfield, Waukesha, and Open-Meteo agree",98,False
2026-03-17,3.0,24,8,0.07,7.0,1.5,23.0,7.0,0.11,4.0,22,10,0,0,0,0,0,21.1253,6.9053,72.0,59.041668,2.373312,30.811037,59.76,285.36307,0.0,0.0,0.0,0.0,23.0,NOAA + Open-Meteo,"Brookfield, Waukesha, and Open-Meteo agree",98,False,7.0,NOAA + Open-Meteo,"Brookfield, Waukesha, and Open-Meteo agree",98,False
2026-03-18,1.0,22,8,0.06,7.0,0.0,22.0,9.0,0.0,3.0,37,20,0,0,0,0,0,35.7953,16.2653,87.0,70.958336,15.741892,20.192118,47.88,198.30713,0.0,0.0,0.0,0.0,22.0,NOAA consensus,Brookfield and Waukesha agree; Open-Meteo differs by 13.8°F,85,False,8.5,NOAA consensus,Brookfield and Waukesha agree; Open-Meteo differs by 7.8°F,85,False
2026-03-19,0.0,37,22,0.0,5.0,0.0,35.0,22.0,0.0,1.0,49,33,0,0,0,0,0,48.5753,31.9253,79.0,70.625,29.19137,17.388409,23.039999,159.1454,0.0,0.0,0.0,0.0,36.0,NOAA consensus,Brookfield and Waukesha agree; Open-Meteo differs by 12.6°F,85,False,22.0,NOAA consensus,Brookfield and Waukesha agree; Open-Meteo differs by 9.9°F,85,False
2026-03-20,0.0,54,34,0.0,0.0,0.0,54.0,33.0,0.0,0.0,61,36,0,0,0,0,0,59.4653,34.5353,91.0,74.291664,38.949593,18.861387,38.88,277.2242,0.0,0.0,0.0,0.0,54.0,NOAA consensus,Brookfield and Waukesha agree; Open-Meteo differs by 5.5°F,85,False,34.0,NOAA + Open-Meteo,"Brookfield, Waukesha, and Open-Meteo agree",98,False
2026-03-21,0.0,60,32,0.0,0.0,0.0,60.0,33.0,0.0,0.0,73,35,0,0,0,0,0,73.0553,33.3653,95.0,72.625,37.02685,30.652895,56.16,172.35332,0.0,0.0,0.0,0.0,60.0,NOAA consensus,Brookfield and Waukesha agree; Open-Meteo differs by 13.1°F,85,False,33.0,NOAA + Open-Meteo,"Brookfield, Waukesha, and Open-Meteo agree",98,False
2026-03-22,0.0,73,34,0.0,0.0,0.0,72.0,33.0,0.0,0.0,61,29,0,0,0,0,0,71.5253,34.2653,79.0,63.416668,36.20754,29.522196,57.239998,14.477163,0.0,0.0,0.0,0.0,72.0,NOAA + Open-Meteo,"Brookfield, Waukesha, and Open-Meteo agree",98,False,34.0,NOAA + Open-Meteo,"Brookfield, Waukesha, and Open-Meteo agree",98,False
2026-03-23,0.0,41,25,0.0,0.0,0.0,40.0,25.0,0.0,0.0,38,27,0,0,0,0,0,42.8153,27.1553,75.0,60.375,20.461266,24.482647,45.36,351.2204,0.0,0.0,0.0,0.0,41.0,NOAA + Open-Meteo,"Brookfield, Waukesha, and Open-Meteo agree",98,False,25.0,NOAA + Open-Meteo,"Brookfield, Waukesha, and Open-Meteo agree",98,False
2026-03-24,0.0,41,25,0.0,0.0,0.0,42.0,26.0,0.0,0.0,49,28,0,0,0,0,0,51.005302,25.625301,73.0,52.666668,19.653234,16.394829,33.839996,179.04082,0.0,0.0,0.0,0.0,41.5,NOAA consensus,Brookfield and Waukesha agree; Open-Meteo differs by 9.5°F,85,False,25.625301361083984,NOAA + Open-Meteo,"Brookfield, Waukesha, and Open-Meteo agree",98,False
2026-03-25,0.0,51,30,0.0,0.0,0.0,50.0,29.0,0.0,0.0,71,39,0,0,0,0,0,70.1753,37.2353,52.0,41.875,26.5512,31.259941,50.399998,181.74835,0.0,0.0,0.0,0.0,50.5,NOAA consensus,Brookfield and Waukesha agree; Open-Meteo differs by 19.7°F,93,True,29.5,NOAA consensus,Brookfield and Waukesha agree; Open-Meteo differs by 7.7°F,85,False
2026-03-26,0.0,70,41,0.0,0.0,0.0,70.0,40.0,0.0,0.0,57,29,0,0,0,0,0,66.6653,37.1453,94.0,65.041664,41.707626,29.374763,47.88,355.96237,3.0,7.2000003,0.0,0.0,70.0,NOAA + Open-Meteo,"Brookfield, Waukesha, and Open-Meteo agree",98,False,40.0,NOAA + Open-Meteo,"Brookfield, Waukesha, and Open-Meteo agree",98,False
2026-03-27,0.0,59,27,0.25,0.0,0.0,61.0,28.0,0.22,0.0,41,30,0,0,0,0,0,39.6653,28.6853,95.0,70.083336,23.955463,27.210379,51.12,350.31125,0.0,0.0,0.0,0.0,60.0,NOAA consensus,Brookfield and Waukesha agree; Open-Meteo differs by 20.3°F,93,True,28.0,NOAA + Open-Meteo,"Brookfield, Waukesha, and Open-Meteo agree",98,False
2026-03-28,0.0,41,19,0.0,0.0,0.0,42.0,19.0,0.0,0.0,47,22,0,0,0,0,0,46.2353,22.2953,78.0,50.875,16.0938,21.868332,42.12,263.01672,0.0,0.0,0.0,0.0,42.0,NOAA + Open-Meteo,"Brookfield, Waukesha, and Open-Meteo agree",98,False,19.0,NOAA + Open-Meteo,"Brookfield, Waukesha, and Open-Meteo agree",98,False
2026-03-29,0.0,45,19,0.0,0.0,0.0,46.0,19.0,0.0,0.0,63,39,0,0,0,0,0,60.9953,39.5753,60.0,45.708332,27.214018,23.863409,42.839996,199.6993,0.0,0.0,0.0,0.0,45.5,NOAA consensus,Brookfield and Waukesha agree; Open-Meteo differs by 15.5°F,93,True,19.0,NOAA consensus,Brookfield and Waukesha agree; Open-Meteo differs by 20.6°F,93,True
2026-03-30,0.0,62,37,0.0,0.0,0.0,62.0,39.0,0.0,0.0,73,40,1,0,0,0,0,75.8453,45.4253,63.0,49.291668,39.2477,18.057508,36.36,202.04837,0.0,0.0,0.0,0.0,62.0,NOAA consensus,Brookfield and Waukesha agree; Open-Meteo differs by 13.8°F,85,False,38.0,NOAA consensus,Brookfield and Waukesha agree; Open-Meteo differs by 7.4°F,85,False
2026-03-31,0.0,78,47,0.0,0.0,0.0,78.0,46.0,0.0,0.0,67,36,0,0,0,0,0,73.0553,43.1753,97.0,73.041664,46.124992,18.709612,29.88,54.16227,1.0,5.4,0.0,0.0,78.0,NOAA + Open-Meteo,"Brookfield, Waukesha, and Open-Meteo agree",98,False,46.0,NOAA + Open-Meteo,"Brookfield, Waukesha, and Open-Meteo agree",98,False
2026-04-01,0.0,69,31,0.15,0.0,0.0,69.0,32.0,0.0,0.0,37,33,0,0,0,0,0,45.7853,32.0153,92.0,84.541664,30.994818,30.652895,48.96,42.2274,0.0,0.0,0.0,0.0,69.0,NOAA consensus,Brookfield and Waukesha agree; Open-Meteo differs by 23.2°F,93,True,32.0,NOAA + Open-Meteo,"Brookfield, Waukesha, and Open-Meteo agree",98,False
2026-04-02,0.0,35,31,0.3,0.0,0.0,37.0,32.0,0.39,0.0,66,33,1,0,0,0,0,47.7653,31.9253,97.0,91.208336,33.19813,25.233406,50.039997,75.40585,13.0,55.7,0.0,1.6099999,36.0,NOAA consensus,Brookfield and Waukesha agree; Open-Meteo differs by 11.8°F,85,False,31.92530059814453,NOAA + Open-Meteo,"Brookfield, Waukesha, and Open-Meteo agree",98,False
2026-04-03,0.0,64,32,0.71,0.0,0.0,64.0,33.0,0.6,0.0,60,34,1,0,0,0,0,59.8253,40.1153,92.0,85.708336,43.228516,30.58517,56.88,249.68013,1.0,34.9,0.0,0.0,64.0,NOAA + Open-Meteo,"Brookfield, Waukesha, and Open-Meteo agree",98,False,32.5,NOAA consensus,Brookfield and Waukesha agree; Open-Meteo differs by 7.6°F,85,False
2026-04-04,0.0,47,33,0.58,0.0,0.0,49.0,34.0,0.69,0.0,50,36,1,0,0,0,0,45.5153,34.5353,98.0,90.875,36.79294,32.217484,52.199997,26.91674,5.0,21.2,0.0,0.0,47.0,NOAA + Open-Meteo,"Brookfield, Waukesha, and Open-Meteo agree",98,False,34.0,NOAA + Open-Meteo,"Brookfield, Waukesha, and Open-Meteo agree",98,False
2026-04-05,0.0,47,32,0.0,0.0,0.0,47.0,34.0,0.04,0.0,53,35,0,0,0,0,0,52.0853,32.8253,79.0,63.625,27.56549,27.792374,55.079998,272.53812,0.0,0.0,0.0,0.0,47.0,NOAA consensus,Brookfield and Waukesha agree; Open-Meteo differs by 5.1°F,85,False,32.82529830932617,NOAA + Open-Meteo,"Brookfield, Waukesha, and Open-Meteo agree",98,False
2026-04-06,0.0,51,33,0.0,0.0,0.0,52.0,34.0,0.0,0.0,49,30,0,0,0,0,0,49.3853,36.6953,84.0,62.458332,29.647972,33.709534,47.88,285.88803,0.0,0.0,0.0,0.0,51.0,NOAA + Open-Meteo,"Brookfield, Waukesha, and Open-Meteo agree",98,False,34.0,NOAA + Open-Meteo,"Brookfield, Waukesha, and Open-Meteo agree",98,False
2026-04-07,0.0,46,21,0.0,0.0,0.0,48.0,21.0,0.0,0.0,34,23,0,0,0,0,0,40.8353,22.3853,66.0,55.0,16.724049,23.18579,41.760002,43.74347,0.0,0.0,0.0,0.0,47.0,NOAA consensus,Brookfield and Waukesha agree; Open-Meteo differs by 6.2°F,85,False,21.0,NOAA + Open-Meteo,"Brookfield, Waukesha, and Open-Meteo agree",98,False
2026-04-08,0.0,36,23,0.04,0.0,0.0,36.0,25.0,0.05,0.0,69,34,0,0,0,0,0,67.2953,28.9553,86.0,65.958336,30.496143,34.875435,62.639996,164.7096,2.0,0.8,0.0,0.0,36.0,NOAA consensus,Brookfield and Waukesha agree; Open-Meteo differs by 31.3°F,93,True,25.0,NOAA + Open-Meteo,"Brookfield, Waukesha, and Open-Meteo agree",98,False
2026-04-09,0.0,69,34,0.04,0.0,0.0,67.0,35.0,0.03,0.0,67,40,0,0,0,0,0,64.8653,47.4053,80.0,53.5,39.4685,32.919827,76.67999,235.8672,2.0,1.1,0.0,0.0,67.0,NOAA + Open-Meteo,"Brookfield, Waukesha, and Open-Meteo agree",98,False,34.5,NOAA consensus,Brookfield and Waukesha agree; Open-Meteo differs by 12.9°F,85,False
2026-04-10,0.0,65,39,0.67,0.0,0.0,64.0,39.0,0.58,0.0,50,35,0,0,0,0,0,49.4753,40.3853,97.0,83.125,38.87662,20.833395,24.119999,21.33358,5.0,16.2,0.0,0.0,64.5,NOAA consensus,Brookfield and Waukesha agree; Open-Meteo differs by 15.0°F,93,True,39.0,NOAA + Open-Meteo,"Brookfield, Waukesha, and Open-Meteo agree",98,False
2026-04-11,0.0,50,29,0.0,0.0,0.0,52.0,28.0,0.0,0.0,52,30,0,0,0,0,0,53.0753,31.3853,87.0,67.416664,30.405947,19.373219,28.44,142.73357,0.0,0.0,0.0,0.0,52.0,NOAA + Open-Meteo,"Brookfield, Waukesha, and Open-Meteo agree",98,False,29.0,NOAA + Open-Meteo,"Brookfield, Waukesha, and Open-Meteo agree",98,False
2026-04-12,0.0,54,29,0.09,0.0,0.0,56.0,31.0,0.17,0.0,76,48,1,0,0,0,0,74.585304,46.8653,87.0,69.166664,47.34074,34.162083,63.0,187.18695,2.0,0.8,0.0,0.0,55.0,NOAA consensus,Brookfield and Waukesha agree; Open-Meteo differs by 19.6°F,93,True,30.0,NOAA consensus,Brookfield and Waukesha agree; Open-Meteo differs by 16.9°F,93,True
2026-04-13,0.0,74,53,0.62,0.0,0.0,73.0,56.0,0.44,0.0,76,56,0,0,0,0,0,74.585304,59.1953,93.0,83.875,60.517876,29.055367,69.479996,220.07336,3.0,6.2000003,0.0,0.0,74.0,NOAA + Open-Meteo,"Brookfield, Waukesha, and Open-Meteo agree",98,False,56.0,NOAA + Open-Meteo,"Brookfield, Waukesha, and Open-Meteo agree",98,False
2026-04-14,0.0,76,56,0.44,0.0,0.0,73.0,55.0,0.58,0.0,80,52,1,0,0,0,0,78.725296,56.0453,97.0,79.0,59.652473,30.113304,78.479996,186.06912,2.0,6.4,0.0,0.0,76.0,NOAA + Open-Meteo,"Brookfield, Waukesha, and Open-Meteo agree",98,False,56.0,NOAA + Open-Meteo,"Brookfield, Waukesha, and Open-Meteo agree",98,False
2026-04-15,0.0,79,56,1.08,0.0,0.0,78.0,56.0,0.62,0.0,71,47,1,0,0,0,0,69.6353,57.665302,93.0,84.666664,58.39028,23.34455,45.719997,221.83885,2.0,48.2,0.0,0.0,78.5,NOAA consensus,Brookfield and Waukesha agree; Open-Meteo differs by 8.9°F,85,False,56.0,NOAA + Open-Meteo,"Brookfield, Waukesha, and Open-Meteo agree",98,False
2026-04-16,0.0,68,57,2.56,0.0,0.0,69.0,56.0,2.3,0.0,63,44,1,0,0,0,0,64.235306,56.3153,100.0,90.625,56.370323,18.161278,24.119999,108.178246,5.0,80.80001,0.0,0.0,68.0,NOAA + Open-Meteo,"Brookfield, Waukesha, and Open-Meteo agree",98,False,56.31529998779297,NOAA + Open-Meteo,"Brookfield, Waukesha, and Open-Meteo agree",98,False
2026-04-17,0.0,67,47,0.02,0.0,0.0,70.0,48.0,0.05,0.0,71,44,1,0,0,0,0,75.0353,47.2253,100.0,88.416664,53.059113,24.967497,46.079998,137.9954,0.0,0.0,0.0,0.0,68.5,NOAA consensus,Brookfield and Waukesha agree; Open-Meteo differs by 6.5°F,85,False,47.22529983520508,NOAA + Open-Meteo,"Brookfield, Waukesha, and Open-Meteo agree",98,False
2026-04-18,0.0,78,42,1.07,0.0,0.0,78.0,42.0,1.59,0.0,63,38,0,0,0,0,0,67.3853,40.4753,94.0,74.541664,41.622036,32.431984,59.76,264.4709,4.0,27.699999,0.0,0.0,78.0,NOAA consensus,Brookfield and Waukesha agree; Open-Meteo differs by 10.6°F,85,False,42.0,NOAA + Open-Meteo,"Brookfield, Waukesha, and Open-Meteo agree",98,False
2026-04-19,0.0,45,34,0.0,0.0,0.0,47.0,33.0,0.0,0.0,48,33,0,0,0,0,0,46.9553,33.5453,69.0,53.583332,24.187502,30.78368,50.039997,280.80194,0.0,0.0,0.0,0.0,46.955299377441406,NOAA + Open-Meteo,"Brookfield, Waukesha, and Open-Meteo agree",98,False,33.5452995300293,NOAA + Open-Meteo,"Brookfield, Waukesha, and Open-Meteo agree",98,False
2026-04-20,0.0,47,30,0.0,0.0,0.0,48.0,29.0,0.0,0.0,47,31,0,0,0,0,0,51.9953,30.4853,89.0,62.083332,26.78457,20.46941,31.319998,153.0505,0.0,0.0,0.0,0.0,48.0,NOAA + Open-Meteo,"Brookfield, Waukesha, and Open-Meteo agree",98,False,30.0,NOAA + Open-Meteo,"Brookfield, Waukesha, and Open-Meteo agree",98,False
2026-04-21,0.0,55,33,0.0,0.0,0.0,53.0,33.0,0.0,0.0,75,45,1,0,1,0,0,73.5953,43.9853,65.0,52.416668,38.468872,24.57511,50.039997,210.72412,0.0,0.0,0.0,0.0,54.0,NOAA consensus,Brookfield and Waukesha agree; Open-Meteo differs by 19.6°F,93,True,33.0,NOAA consensus,Brookfield and Waukesha agree; Open-Meteo differs by 11.0°F,85,False
2026-04-22,0.0,74,46,0.02,0.0,0.0,75.0,47.0,0.03,0.0,64,45,0,0,0,0,0,71.7953,48.6653,77.0,55.875,43.45219,16.704155,34.92,41.234703,0.0,0.0,0.0,0.0,74.0,NOAA + Open-Meteo,"Brookfield, Waukesha, and Open-Meteo agree",98,False,47.0,NOAA + Open-Meteo,"Brookfield, Waukesha, and Open-Meteo agree",98,False
2026-04-23,0.0,66,47,0.0,0.0,0.0,60.0,49.0,0.0,0.0,77,46,0,0,0,0,0,79.7153,48.2153,73.0,51.166668,43.11158,23.857979,42.12,178.32516,0.0,0.0,0.0,0.0,66.0,Median estimate,"Brookfield, Waukesha, and Open-Meteo disagree",30,True,48.215301513671875,NOAA + Open-Meteo,"Brookfield, Waukesha, and Open-Meteo agree",98,False
2026-04-24,0.0,80,53,0.0,0.0,0.0,79.0,55.0,0.0,0.0,71,43,0,0,0,0,0,75.485306,63.6953,82.0,67.083336,56.080837,26.932714,64.799995,224.62831,0.0,0.0,0.0,0.0,79.0,NOAA + Open-Meteo,"Brookfield, Waukesha, and Open-Meteo agree",98,False,54.0,NOAA consensus,Brookfield and Waukesha agree; Open-Meteo differs by 9.7°F,85,False
2026-04-25,0.0,68,43,0.0,0.0,0.0,66.0,43.0,0.0,0.0,48,41,0,0,0,0,0,64.8653,43.625298,89.0,76.541664,43.651337,18.58451,32.039997,47.150425,0.0,0.0,0.0,0.0,66.0,NOAA + Open-Meteo,"Brookfield, Waukesha, and Open-Meteo agree",98,False,43.0,NOAA + Open-Meteo,"Brookfield, Waukesha, and Open-Meteo agree",98,False
2026-04-26,0.0,61,41,0.0,0.0,0.0,62.0,41.0,0.0,0.0,52,40,0,0,0,0,0,53.0753,40.5653,98.0,84.625,41.689304,17.731598,31.68,70.93598,0.0,0.0,0.0,0.0,61.5,NOAA consensus,Brookfield and Waukesha agree; Open-Meteo differs by 8.4°F,85,False,41.0,NOAA + Open-Meteo,"Brookfield, Waukesha, and Open-Meteo agree",98,False
2026-04-27,0.0,57,41,0.0,0.0,0.0,56.0,42.0,0.0,0.0,63,42,1,0,0,0,0,58.115303,41.6453,98.0,89.125,45.92319,33.90313,66.96,121.728584,4.0,5.1,0.0,0.0,57.0,NOAA + Open-Meteo,"Brookfield, Waukesha, and Open-Meteo agree",98,False,41.645301818847656,NOAA + Open-Meteo,"Brookfield, Waukesha, and Open-Meteo agree",98,False
2026-04-28,0.0,64,49,0.24,0.0,0.0,64.0,49.0,0.25,0.0,65,52,0,0,0,0,0,64.1453,50.2853,90.0,74.041664,48.36167,30.77737,57.239998,248.3948,1.0,5.8,0.0,0.0,64.0,NOAA + Open-Meteo,"Brookfield, Waukesha, and Open-Meteo agree",98,False,49.0,NOAA + Open-Meteo,"Brookfield, Waukesha, and Open-Meteo agree",98,False
2026-04-29,0.0,63,43,0.1,0.0,0.0,63.0,42.0,0.13,0.0,56,39,0,0,0,0,0,61.3553,41.6453,91.0,71.666664,38.816563,21.42227,29.16,22.965654,1.0,0.7,0.0,0.0,63.0,NOAA + Open-Meteo,"Brookfield, Waukesha, and Open-Meteo agree",98,False,42.0,NOAA + Open-Meteo,"Brookfield, Waukesha, and Open-Meteo agree",98,False
2026-04-30,0.0,45,31,0.05,0.0,0.0,45.0,30.0,0.07,0.0,47,35,0,0,0,0,0,48.5753,33.5453,94.0,81.416664,35.561554,18.129137,18.359999,81.22738,0.0,0.0,0.0,0.0,45.0,NOAA + Open-Meteo,"Brookfield, Waukesha, and Open-Meteo agree",98,False,31.0,NOAA + Open-Meteo,"Brookfield, Waukesha, and Open-Meteo agree",98,False
2026-05-01,0.0,50,35,0.05,0.0,0.0,49.0,32.0,0.08,0.0,43,34,0,0,0,0,0,43.9853,35.6153,95.0,78.041664,33.010376,14.003028,23.759998,59.866623,0.0,0.0,0.0,0.0,49.5,NOAA consensus,Brookfield and Waukesha agree; Open-Meteo differs by 5.5°F,85,False,35.0,NOAA + Open-Meteo,"Brookfield, Waukesha, and Open-Meteo agree",98,False
2026-05-02,0.0,44,27,0.0,0.0,0.0,44.0,26.0,0.0,0.0,51,34,0,0,0,0,0,55.505302,30.8453,86.0,61.708332,27.882507,14.759999,29.88,261.81754,0.0,0.0,0.0,0.0,44.0,NOAA consensus,Brookfield and Waukesha agree; Open-Meteo differs by 11.5°F,85,False,27.0,NOAA + Open-Meteo,"Brookfield, Waukesha, and Open-Meteo agree",98,False
2026-05-03,0.0,56,35,0.0,0.0,0.0,56.0,29.0,0.0,0.0,68,45,0,0,0,0,0,66.2153,44.075302,66.0,50.083332,34.757732,34.296494,59.76,217.89374,0.0,0.0,0.0,0.0,56.0,NOAA consensus,Brookfield and Waukesha agree; Open-Meteo differs by 10.2°F,85,False,35.0,Median estimate,"Brookfield, Waukesha, and Open-Meteo disagree",30,True
2026-05-04,0.0,67,41,0.0,0.0,0.0,66.0,39.0,0.0,0.0,80,49,0,0,0,0,0,78.0053,47.2253,66.0,44.958332,38.969345,33.3792,69.12,225.85294,0.0,0.0,0.0,0.0,66.5,NOAA consensus,Brookfield and Waukesha agree; Open-Meteo differs by 11.5°F,85,False,40.0,NOAA consensus,Brookfield and Waukesha agree; Open-Meteo differs by 7.2°F,85,False
2026-05-05,0.0,78,43,0.0,0.0,0.0,77.0,42.0,0.0,0.0,58,42,0,0,0,0,0,71.4353,44.5253,49.0,37.208332,28.545702,26.042212,57.96,282.9982,0.0,0.0,0.0,0.0,77.5,NOAA consensus,Brookfield and Waukesha agree; Open-Meteo differs by 6.1°F,85,False,43.0,NOAA + Open-Meteo,"Brookfield, Waukesha, and Open-Meteo agree",98,False
2026-05-06,0.0,56,32,0.0,0.0,0.0,56.0,31.0,0.0,0.0,54,37,0,0,0,0,0,54.3353,34.0853,75.0,45.958332,25.53793,22.101183,33.48,280.55945,0.0,0.0,0.0,0.0,56.0,NOAA + Open-Meteo,"Brookfield, Waukesha, and Open-Meteo agree",98,False,32.0,NOAA + Open-Meteo,"Brookfield, Waukesha, and Open-Meteo agree",98,False
2026-05-07,0.0,52,32,0.0,0.0,0.0,53.0,28.0,0.0,0.0,52,36,0,0,0,0,0,55.235302,33.0053,69.0,51.25,26.61079,24.569832,36.0,237.5618,0.0,0.0,0.0,0.0,53.0,NOAA + Open-Meteo,"Brookfield, Waukesha, and Open-Meteo agree",98,False,32.0,NOAA + Open-Meteo,"Brookfield, Waukesha, and Open-Meteo agree",98,False
2026-05-08,0.0,55,30,0.0,0.0,0.0,53.0,29.0,0.0,0.0,63,34,0,0,0,0,0,66.9353,32.1953,82.0,52.458332,29.019814,17.917007,30.239998,208.10863,0.0,0.0,0.0,0.0,54.0,NOAA consensus,Brookfield and Waukesha agree; Open-Meteo differs by 12.9°F,85,False,30.0,NOAA + Open-Meteo,"Brookfield, Waukesha, and Open-Meteo agree",98,False
2026-05-09,0.0,67,39,0.0,0.0,0.0,66.0,45.0,0.0,0.0,69,42,0,0,0,0,0,68.3753,52.2653,74.0,50.458332,39.190243,32.25166,57.96,247.88658,0.0,0.0,0.0,0.0,67.0,NOAA + Open-Meteo,"Brookfield, Waukesha, and Open-Meteo agree",98,False,45.0,Median estimate,"Brookfield, Waukesha, and Open-Meteo disagree",30,True
2026-05-10,0.0,68,33,0.0,0.0,0.0,68.0,32.0,0.0,0.0,62,37,0,0,0,0,0,60.635303,34.6253,82.0,48.208332,29.69987,22.930048,41.399998,298.22662,0.0,0.0,0.0,0.0,68.0,NOAA consensus,Brookfield and Waukesha agree; Open-Meteo differs by 7.4°F,85,False,33.0,NOAA + Open-Meteo,"Brookfield, Waukesha, and Open-Meteo agree",98,False
2026-05-11,0.0,60,36,0.0,0.0,0.0,60.0,37.0,0.0,0.0,48,36,0,0,0,0,0,58.115303,36.9653,77.0,52.708332,28.952576,20.150354,50.399998,46.31852,0.0,0.0,0.0,0.0,60.0,NOAA + Open-Meteo,"Brookfield, Waukesha, and Open-Meteo agree",98,False,36.965301513671875,NOAA + Open-Meteo,"Brookfield, Waukesha, and Open-Meteo agree",98,False
2026-05-12,0.0,51,34,0.0,0.0,0.0,57.0,33.0,0.0,0.0,73,35,0,0,0,0,0,72.7853,34.0853,73.0,55.791668,32.74121,36.82925,74.159996,186.09781,1.0,0.4,0.0,0.0,57.0,Median estimate,"Brookfield, Waukesha, and Open-Meteo disagree",30,True,34.0,NOAA + Open-Meteo,"Brookfield, Waukesha, and Open-Meteo agree",98,False
2026-05-13,0.0,73,45,0.03,0.0,0.0,71.0,46.0,0.03,0.0,58,42,0,0,0,0,0,70.985306,47.9453,67.0,53.708332,39.531063,26.758923,58.32,323.17023,0.0,0.0,0.0,0.0,71.0,NOAA + Open-Meteo,"Brookfield, Waukesha, and Open-Meteo agree",98,False,46.0,NOAA + Open-Meteo,"Brookfield, Waukesha, and Open-Meteo agree",98,False
2026-05-14,0.0,60,45,0.0,0.0,0.0,61.0,34.0,0.0,0.0,63,39,0,0,0,0,0,66.9353,35.0753,92.0,55.916668,34.52434,18.671474,21.24,136.92754,0.0,0.0,0.0,0.0,60.5,NOAA consensus,Brookfield and Waukesha agree; Open-Meteo differs by 6.4°F,85,False,34.537649154663086,Waukesha + Open-Meteo,Waukesha matches Open-Meteo; Brookfield is the likely outlier,75,True
2026-05-15,0.0,67,45,0.01,0.0,0.0,66.0,48.0,0.0,0.0,76,50,0,0,0,0,0,76.655304,49.6553,60.0,47.458332,41.041565,26.405453,52.199997,179.43272,0.0,0.0,0.0,0.0,66.5,NOAA consensus,Brookfield and Waukesha agree; Open-Meteo differs by 10.2°F,85,False,48.0,NOAA + Open-Meteo,"Brookfield, Waukesha, and Open-Meteo agree",98,False
2026-05-16,0.0,78,55,0.3,0.0,0.0,76.0,57.0,0.28,0.0,84,61,1,0,0,0,0,83.225296,60.7253,90.0,64.125,56.146122,42.635307,60.839996,221.06041,1.0,0.4,0.0,0.0,77.0,NOAA consensus,Brookfield and Waukesha agree; Open-Meteo differs by 6.2°F,85,False,57.0,NOAA + Open-Meteo,"Brookfield, Waukesha, and Open-Meteo agree",98,False
2026-05-17,0.0,83,55,0.0,0.0,0.0,81.0,54.0,0.0,0.0,70,46,0,0,0,0,0,81.2453,51.185303,88.0,67.666664,49.573143,22.7057,40.32,63.5393,1.0,0.4,0.0,0.0,81.24530029296875,NOAA + Open-Meteo,"Brookfield, Waukesha, and Open-Meteo agree",98,False,54.0,NOAA + Open-Meteo,"Brookfield, Waukesha, and Open-Meteo agree",98,False
2026-05-18,0.0,71,50,0.09,0.0,0.0,70.0,51.0,0.15,0.0,84,49,0,0,0,0,0,80.2553,52.985302,94.0,79.166664,59.053455,24.627789,38.519997,189.71658,2.0,1.8,0.0,0.0,70.5,NOAA consensus,Brookfield and Waukesha agree; Open-Meteo differs by 9.8°F,85,False,51.0,NOAA + Open-Meteo,"Brookfield, Waukesha, and Open-Meteo agree",98,False
2026-05-19,0.0,82,66,0.0,0.0,0.0,80.0,65.0,0.0,0.0,79,53,0,0,0,0,0,76.9253,63.2453,86.0,75.166664,61.443977,31.367548,51.48,230.82059,1.0,0.4,0.0,0.0,80.0,NOAA + Open-Meteo,"Brookfield, Waukesha, and Open-Meteo agree",98,False,65.0,NOAA + Open-Meteo,"Brookfield, Waukesha, and Open-Meteo agree",98,False
2026-05-20,0.0,75,46,0.0,0.0,0.0,74.0,47.0,0.0,0.0,56,44,0,0,0,0,0,61.1753,45.9653,77.0,66.75,42.625862,22.565422,39.96,4.381844,0.0,0.0,0.0,0.0,74.5,NOAA consensus,Brookfield and Waukesha agree; Open-Meteo differs by 13.3°F,85,False,46.0,NOAA + Open-Meteo,"Brookfield, Waukesha, and Open-Meteo agree",98,False
2026-05-21,0.0,57,41,0.0,0.0,0.0,56.0,42.0,0.0,0.0,50,41,0,0,0,0,0,53.5253,43.265297,66.0,57.583332,33.229645,20.150354,42.48,44.6397,0.0,0.0,0.0,0.0,56.0,NOAA + Open-Meteo,"Brookfield, Waukesha, and Open-Meteo agree",98,False,42.0,NOAA + Open-Meteo,"Brookfield, Waukesha, and Open-Meteo agree",98,False
2026-05-22,0.0,55,44,0.0,0.0,0.0,53.0,44.0,0.0,0.0,59,46,0,0,0,0,0,63.0653,44.7953,68.0,57.458332,36.771515,22.26477,38.88,62.827496,0.0,0.0,0.0,0.0,54.0,NOAA consensus,Brookfield and Waukesha agree; Open-Meteo differs by 9.1°F,85,False,44.0,NOAA + Open-Meteo,"Brookfield, Waukesha, and Open-Meteo agree",98,False
2026-05-23,0.0,63,47,0.0,0.0,0.0,63.0,48.0,0.0,0.0,61,49,0,0,0,0,0,68.4653,52.985302,90.0,64.541664,45.32294,18.345877,35.28,74.246735,0.0,0.0,0.0,0.0,63.0,NOAA consensus,Brookfield and Waukesha agree; Open-Meteo differs by 5.5°F,85,False,47.5,NOAA consensus,Brookfield and Waukesha agree; Open-Meteo differs by 5.5°F,85,False
2026-05-24,0.0,71,52,0.02,0.0,0.0,72.0,51.0,0.03,0.0,73,53,0,0,0,0,0,76.5653,51.0953,99.0,76.166664,51.83156,19.174856,27.72,338.9625,0.0,0.0,0.0,0.0,71.5,NOAA consensus,Brookfield and Waukesha agree; Open-Meteo differs by 5.1°F,85,False,51.095298767089844,NOAA + Open-Meteo,"Brookfield, Waukesha, and Open-Meteo agree",98,False
2026-05-25,0.0,77,54,0.02,0.0,0.0,76.0,50.0,0.0,0.0,84,53,0,0,0,0,0,83.4053,56.4953,78.0,60.791668,53.1537,21.915693,28.8,198.20857,0.0,0.0,0.0,0.0,76.5,NOAA consensus,Brookfield and Waukesha agree; Open-Meteo differs by 6.9°F,85,False,54.0,NOAA + Open-Meteo,"Brookfield, Waukesha, and Open-Meteo agree",98,False
2026-05-26,0.0,84,61,0.0,0.0,0.0,81.0,56.0,0.0,0.0,86,64,0,0,0,0,0,86.1953,64.0553,57.0,45.25,51.76087,18.35647,33.48,200.76543,0.0,0.0,0.0,0.0,84.0,NOAA + Open-Meteo,"Brookfield, Waukesha, and Open-Meteo agree",98,False,58.5,NOAA consensus,Brookfield and Waukesha agree; Open-Meteo differs by 5.6°F,85,False
2026-05-27,0.0,88,57,0.0,0.0,0.0,85.0,55.0,0.0,0.0,71,54,0,0,0,0,0,81.6053,59.915302,80.0,55.75,54.56263,16.746773,32.760002,57.974182,0.0,0.0,0.0,0.0,85.0,NOAA + Open-Meteo,"Brookfield, Waukesha, and Open-Meteo agree",98,False,57.0,NOAA + Open-Meteo,"Brookfield, Waukesha, and Open-Meteo agree",98,False
2026-05-28,0.0,84,52,0.0,0.0,0.0,84.0,53.0,0.0,0.0,59,48,0,0,0,0,0,69.4553,52.2653,67.0,53.833332,44.454185,21.470612,50.399998,44.23617,0.0,0.0,0.0,0.0,84.0,NOAA consensus,Brookfield and Waukesha agree; Open-Meteo differs by 14.5°F,85,False,52.26530075073242,NOAA + Open-Meteo,"Brookfield, Waukesha, and Open-Meteo agree",98,False
2026-05-29,0.0,69,43,0.0,0.0,0.0,70.0,44.0,0.0,0.0,74,46,0,0,0,0,0,82.1453,45.5153,78.0,58.708332,45.902626,18.36353,20.880001,64.552025,0.0,0.0,0.0,0.0,69.5,NOAA consensus,Brookfield and Waukesha agree; Open-Meteo differs by 12.6°F,85,False,44.0,NOAA + Open-Meteo,"Brookfield, Waukesha, and Open-Meteo agree",98,False
2026-05-30,0.0,82,51,0.0,0.0,0.0,82.0,50.0,0.0,0.0,61,49,0,0,0,0,0,72.8753,51.9953,89.0,55.416668,43.556423,21.603,42.12,73.3007,0.0,0.0,0.0,0.0,82.0,NOAA consensus,Brookfield and Waukesha agree; Open-Meteo differs by 9.1°F,85,False,51.0,NOAA + Open-Meteo,"Brookfield, Waukesha, and Open-Meteo agree",98,False
2026-05-31,0.0,64,47,0.0,0.0,0.0,64.0,46.0,0.0,0.0,65,47,0,0,0,0,0,71.7953,45.3353,85.0,56.291668,41.612946,16.548256,32.760002,71.06388,0.0,0.0,0.0,0.0,64.0,NOAA consensus,Brookfield and Waukesha agree; Open-Meteo differs by 7.8°F,85,False,46.0,NOAA + Open-Meteo,"Brookfield, Waukesha, and Open-Meteo agree",98,False
2026-06-01,0.0,72,48,0.0,0.0,0.0,73.0,51.0,0.01,0.0,72,54,0,0,0,0,0,75.0353,55.0553,67.0,42.916668,39.163574,17.414474,21.96,51.318737,0.0,0.0,0.0,0.0,73.0,NOAA + Open-Meteo,"Brookfield, Waukesha, and Open-Meteo agree",98,False,49.5,NOAA consensus,Brookfield and Waukesha agree; Open-Meteo differs by 5.6°F,85,False
2026-06-02,0.0,74,45,0.0,0.0,0.0,73.0,49.0,0.0,0.0,69,48,0,0,0,0,0,72.515305,49.0253,63.0,44.208332,39.107132,17.399586,28.44,62.663437,0.0,0.0,0.0,0.0,73.0,NOAA + Open-Meteo,"Brookfield, Waukesha, and Open-Meteo agree",98,False,49.0,NOAA + Open-Meteo,"Brookfield, Waukesha, and Open-Meteo agree",98,False
2026-06-03,0.0,73,44,0.0,0.0,0.0,74.0,45.0,0.0,0.0,79,46,0,0,0,0,0,81.7853,46.505302,67.0,43.458332,40.608383,19.296135,23.4,172.33327,0.0,0.0,0.0,0.0,73.5,NOAA consensus,Brookfield and Waukesha agree; Open-Meteo differs by 8.3°F,85,False,45.0,NOAA + Open-Meteo,"Brookfield, Waukesha, and Open-Meteo agree",98,False
2026-06-04,0.0,83,50,0.0,0.0,0.0,0.0,0.0,0.0,0.0,86,54,0,0,0,0,0,86.2853,55.3253,60.0,41.458332,45.27943,22.461807,31.319998,198.36708,0.0,0.0,0.0,0.0,84.64265060424805,Brookfield + Open-Meteo,Brookfield matches Open-Meteo; Waukesha is the likely outlier,75,True,52.0,Brookfield + Mitchell,Brookfield agrees with Mitchell,82,True
2026-06-05,0.0,87,61,0.25,0.0,0.0,0.0,0.0,0.0,0.0,77,65,1,0,0,0,0,83.765305,63.9653,98.0,70.291664,58.50341,16.700275,31.68,201.46368,5.0,9.9,0.0,0.0,85.38265228271484,Brookfield + Open-Meteo,Brookfield matches Open-Meteo; Waukesha is the likely outlier,75,True,62.48265075683594,Brookfield + Open-Meteo,Brookfield matches Open-Meteo; Waukesha is the likely outlier,75,True
2026-06-06,0.0,76,60,0.53,0.0,0.0,76.0,62.0,0.98,0.0,79,60,0,0,0,0,0,83.8553,62.435303,92.0,77.5,63.910748,15.778518,32.039997,237.16652,0.0,0.0,0.0,0.0,76.0,NOAA consensus,Brookfield and Waukesha agree; Open-Meteo differs by 7.9°F,85,False,62.0,NOAA + Open-Meteo,"Brookfield, Waukesha, and Open-Meteo agree",98,False
2026-06-07,0.0,84,57,0.02,0.0,0.0,86.0,60.0,0.0,0.0,69,56,0,0,0,0,0,80.6153,58.835304,91.0,68.333336,57.52755,16.09969,26.28,76.11831,0.0,0.0,0.0,0.0,84.0,NOAA + Open-Meteo,"Brookfield, Waukesha, and Open-Meteo agree",98,False,58.835304260253906,NOAA + Open-Meteo,"Brookfield, Waukesha, and Open-Meteo agree",98,False
2026-06-08,0.0,79,61,0.05,0.0,0.0,80.0,63.0,0.08,0.0,75,61,0,0,0,0,0,77.9153,61.8053,88.0,72.458336,59.40434,17.873556,35.28,98.444336,0.0,0.0,0.0,0.0,79.0,NOAA + Open-Meteo,"Brookfield, Waukesha, and Open-Meteo agree",98,False,61.805301666259766,NOAA + Open-Meteo,"Brookfield, Waukesha, and Open-Meteo agree",98,False
2026-06-09,0.0,79,64,0.01,0.0,0.0,81.0,66.0,0.07,0.0,80,61,0,0,0,0,0,81.155304,67.0253,96.0,89.208336,69.6933,15.905319,26.28,114.62353,2.0,3.3000002,0.0,0.0,81.0,NOAA + Open-Meteo,"Brookfield, Waukesha, and Open-Meteo agree",98,False,66.0,NOAA + Open-Meteo,"Brookfield, Waukesha, and Open-Meteo agree",98,False
